id,score
Spanish Shrimp  Carriers,0.0
12744,0.0
143129355,0.0
7775,0.0
1017141,0.0
2591586,0.0
185040354,0.0
Faroe Islands Shrimp Shark,0.0
341411,0.0
21323516,0.0
Ã¢Â€ÂœvictimÃ¢,0.0
Ã¢Â€ÂœperpetratorÃ¢,0.0
8561,0.0
William Bradley,0.0
Joseph Griffin,0.0
Ã¢Â€Å Ã¢,0.0
853949688,0.0
650512,0.0
8,0.0
128692,0.0
172711,0.0
Jacob Caldwell,0.0
14253815,0.0
4369922c-ce1d-40ff-904c-1f6a3000bf6b,0.0
Saltwater Solitude GmbH & Co. KG,0.0
PRK,0.0
Ã¢Â€ÂœVikingÃ¢,0.0
506,0.0
4937447,0.0
Ã¢Â€ÂœregularÃ¢,0.0
2079436,0.0
Ann Daniels,0.0
Stephanie Mccormick MD,0.0
Lisa Clay,0.0
589,0.0
Elizabeth Welch,0.0
da0a7bbb-5bd1-42aa-bcc0-b8923d5c15d4,0.0
Eugene Ochoa,0.0
967900443,0.0
Lisa Jimenez,0.0
1,0.0
445a6124-4650-4e5a-83bb-a0e0b4040ee9,0.0
Martha Robbins,0.0
Don Hopkins,0.0
Joseph Gray,0.0
4,0.0
4975,0.0
7282284,0.0
0,0.0
Sean Vasquez,0.0
196159,0.0
755,0.0
860067396,0.0
664738735,0.0
290834957,0.0
Timothy Reeves,0.0
457009514,0.0
6043477,0.0
526269,0.0
Jason Cameron,0.0
77b46bc7-7e31-41a0-973c-e633011d21b0,0.0
7,0.0
35,0.0
6406040,0.0
Jamie Knox,0.0
Kristin Graham,0.0
99575926,0.0
72371354,0.0
55,0.0
766649,0.0
955425,0.0
132,0.0
8701038,0.0
9067,0.0
750975,0.0
3404599,0.0
85117949,0.0
3506021,0.0
348079,0.0
78,0.0
95,0.0
Ã¢Â€Âœ8Ã¢,0.0
Ã¢Â€Âœrefer,0.0
Ã¢Â€Âœ10Ã¢,0.0
Alyssa Huffman,0.0
245,0.0
300668979,0.0
Ã¢Â€Â˜NoticesÃ¢Â€Â™Ã¢,0.0
651,0.0
7845,0.0
265700083,0.0
47679,0.0
d0123474-8425-4ab0-90d5-175920158638,0.0
425887173,0.0
86597,0.0
405ab2a5-68f0-4304-ab94-24c7995a248e,0.0
44842,0.0
e2b334d9-4d51-40b2-a7b1-441b88400b75,0.0
68,0.0
610,0.0
4063,0.0
740523,0.0
Marine,0.0
255Ã¢Â€Â“273,0.0
91dcf36d-dba8-41e8-a4cc-912981a27296,0.0
69150209,0.0
2,0.0
72,0.0
35881,0.0
06430a2c-805a-4a76-bbda-2a24c0c860d7,0.0
Derek Burke,0.0
490653,0.0
888,0.0
775298545,0.0
26676370,0.0
Viento Azul Harbor LLC Investment,0.0
Viking fishing,0.0
44956,0.0
3,0.0
5,0.0
0715f2ea-3d11-4eaa-a0c4-fb3290896531,0.0
77,0.0
Andrea Gibson,0.0
hours,0.0
7298083,0.0
21,0.0
6,0.0
Alexander Buchanan,0.0
Maria Mitchell,0.0
9,0.0
14bda3bb-9993-4265-97cc-1747808c144e,0.0
Amanda Mckenzie,0.0
8698,0.0
Claire Russell,0.0
964,0.0
Scott Medina,0.0
2262,0.0
93873119,0.0
Jeremy Cordova,0.0
602ea158-0519-47fc-badc-787721580418,0.0
Victoria Parks,0.0
St,0.0
e40c01a4-8ed5-400f-857d-31e7bd263e35,0.0
49494,0.0
551,0.0
Bryan Taylor,0.0
380,0.0
f20779bf-63b5-4ea4-bb5f-944bb9449bce,0.0
349,0.0
97453782,0.0
71835024,0.0
Anne Anderson,0.0
Brian Nelson,0.0
78590886,0.0
7209,0.0
79139,0.0
78135,0.0
5810,0.0
704138011,0.0
84616,0.0
66538530,0.0
12731,0.0
ee05a28e-82ba-4f1d-a60f-68797a422ada,0.0
82344,0.0
58,0.0
Cynthia Williams,0.0
Armed RobberyÃ¢,0.0
76,0.0
6731,0.0
83,0.0
Ms. Stephanie Rivera DDS,0.0
665,0.0
89772543,0.0
Ã¢Â€ÂœunregulatedÃ¢,0.0
aea12579-8802-4b2d-b432-fc35fe4d10d5,0.0
a7948099-0cab-4b80-8707-2ada931ac288,0.0
Michael Smith,0.0
Melanie Miller,0.0
12,0.0
27,0.0
Timothy Allen,0.0
Nathaniel Jimenez,0.0
3b728c8f-1eaa-4f16-8c63-d3bcffd437bb,0.0
Turkish Sword Buoy Incorporated Forwading,0.0
498817,0.0
2989,0.0
967,0.0
df42b319-be6a-4a2e-b11d-c4da7ecfc01c,0.0
185106,0.0
947,0.0
Gregory Ortiz,0.0
Michael Compton,0.0
4348721,0.0
USS Hershel,0.0
b20c0baf-8530-4a84-a5b6-8da324ebebdb,0.0
26,0.0
21538,0.0
860600018,0.0
237659945,0.0
Victoria Anderson,0.0
USCGC Spencer,0.0
WMEC,0.0
435054320,0.0
Cutter,0.0
f21800ca-b3c9-404b-8438-3d75ea84c409,0.0
1560,0.0
Sept,0.0
John Gonzalez,0.0
68703341,0.0
57,0.0
6046437,0.0
03b6c1a6-dcd8-462f-9a7e-bf9ea7e0a987,0.0
Act,0.0
9a651d73-d88f-4f9c-9497-7321ef575c6f,0.0
Natasha Phillips,0.0
36351742-aff4-4df7-a495-1f1f2c94127a,0.0
Dakota Hansen,0.0
301,0.0
James Best,0.0
9203,0.0
3878194,0.0
Amy Kent,0.0
ConventionÃ¢,0.0
months years,0.0
water fishing,0.0
monthsÃ¢,0.0
18,0.0
months,0.0
Emily Johnson,0.0
94,0.0
e85c691a-2adc-4094-8d29-5ea328486951,0.0
760079,0.0
3009706,0.0
41870892-4565-42cd-9374-8665d01e9aa9,0.0
Susan Erickson,0.0
80191,0.0
0f5fd4f9-1683-464e-9459-a4488de5064b,0.0
cookies,0.0
Ashley Davis,0.0
924,0.0
865275,0.0
449308,0.0
28,0.0
23777,0.0
518,0.0
426469,0.0
6064a564-2a82-44b7-8614-3a33f25e41ba,0.0
3cda9d0b-77af-4e85-bef8-e935ca55ea06,0.0
494197,0.0
200640636,0.0
23,0.0
144431,0.0
Debbie Daniel,0.0
png xi  Line,0.0
26261586,0.0
15910405,0.0
7361,0.0
85052185,0.0
48605,0.0
c73572b6-7b24-49e7-8f52-11cf8ec3c7d2,0.0
8412071,0.0
439861274,0.0
Brian Williams,0.0
908724,0.0
Jennifer Price,0.0
653505420,0.0
Kimberly Palmer,0.0
5848,0.0
15785056,0.0
733,0.0
277983365,0.0
Playa del Cielo Kga,0.0
26431,0.0
6d249c4d-1f62-4ab2-b107-8fd978f115c7,0.0
3785,0.0
164575,0.0
Spencer King,0.0
Dawn Oconnell,0.0
Ã¢Â€Å ,0.0
1396,0.0
235866056,0.0
d5b94ebc-e03a-438e-872b-a15db349a748,0.0
486,0.0
arts,0.0
98,0.0
Timothy Cuevas,0.0
Joshua Glover,0.0
Tara Villegas,0.0
Ashley Wiggins,0.0
49048884,0.0
9612243,0.0
Andrea Hansen,0.0
189,0.0
737205,0.0
April,0.0
5705060,0.0
959,0.0
Belgian Scallop Ltd. Liability Co,0.0
Ã¢Â€ÂœnecessaryÃ¢,0.0
883320938,0.0
Ryan Williams,0.0
Colleen Everett,0.0
Brenda Gonzalez,0.0
2198,0.0
Clayton Rodgers,0.0
Randy Collins,0.0
41398ea8-d14a-4666-80e8-6a212684d871,0.0
Brandon Berger,0.0
40690,0.0
e836e8c3-a45e-4225-870d-d3e8dbc62c26,0.0
Jennifer Alvarez,0.0
Bryce Baker,0.0
743225,0.0
Norwegian Shrimp Ltd. Liability Co,0.0
Rajasthan Limited Liability Company,0.0
4783,0.0
Timothy Estrada,0.0
ten,0.0
e2816018-e01c-4eac-8dc5-e84aebc22cff,0.0
Vanessa Avila,0.0
529,0.0
47924922,0.0
49,0.0
12845006,0.0
9488645,0.0
Lauren Moore,0.0
Ã¢Â€ÂœlocalÃ¢,0.0
Leominster ProvincetownÃ¢,0.0
371bf15a-3000-499a-88e4-cc096b028ec7,0.0
913428,0.0
d7f220de-bba2-4965-9c15-3dd38ef5c3c7,0.0
fisheriesÃ¢,0.0
Mark Weiss,0.0
53073557,0.0
Jason Davis,0.0
34,0.0
Erin Bowen,0.0
Albert Thomas,0.0
31408,0.0
28064,0.0
Kyle Stanton,0.0
ae16dd9b-0271-4699-91bc-0ce6b69357c6,0.0
Mrs. Crystal Reyes,0.0
e31b2b9c-3197-4c2c-ac40-3c6711a4682b,0.0
5a52675e-1243-4244-ad55-85a06c4408de,0.0
Stephanie Hinton,0.0
8153f5cb-e1f7-49bb-91bb-24b3a296a40a,0.0
70873,0.0
Estrella de Mar Ltd. Liability Co,0.0
Ship2Report,0.0
90562,0.0
b28d568f-09b4-41bd-b04d-4cf255f1adc6,0.0
410,0.0
47562016,0.0
87940,0.0
5639000,0.0
5372,0.0
951093,0.0
86590543,0.0
Jonathan Smith,0.0
217fe70e-cc2d-4899-9127-e0a7da182699,0.0
Playa de la Luna Ltd. Corporation,0.0
304,0.0
672,0.0
02cd44a1-7945-40d9-b38f-56f70976582c,0.0
7950,0.0
44,0.0
41,0.0
2125,0.0
1076f239-831c-4c53-9134-484c8f2d5c73,0.0
Amy Wilson,0.0
9e2e5adf-b6aa-4e7f-9af1-a899ceccfba6,0.0
59,0.0
46510923,0.0
pilot,0.0
9699687,0.0
Mar del Oeste Pic,0.0
31,0.0
4526320,0.0
98748,0.0
50,0.0
5495,0.0
454,0.0
83818120,0.0
Mr. Gregory Brown,0.0
8327,0.0
222848436,0.0
Amphibious Warships,0.0
Brian Weber,0.0
weeks,0.0
40213337,0.0
cutters,0.0
Coast,0.0
7505050,0.0
Today,0.0
June year,0.0
8787,0.0
218,0.0
88149,0.0
175,0.0
Michael Nicholson,0.0
Andrea Peters,0.0
7691,0.0
98332,0.0
78565892,0.0
df365f60-c399-42f5-ad38-736145edef5e,0.0
4146760,0.0
812740593,0.0
Joshua Baker,0.0
4764109,0.0
761,0.0
a7d22b55-872d-4fc0-b1ea-935f63ce0d2a,0.0
water,0.0
Ã¢Â€Â˜devil vesselsÃ¢,0.0
Erik Johnson,0.0
Alexandria Wilson,0.0
9786,0.0
Stephanie Garner,0.0
Å“Ã†ÂŸÃ¯,0.0
Å“e1PÃ¯,0.0
Å“e1PÃ¯Â¿Å“PÃ¯,0.0
Å“PÃ¯,0.0
Å“Ã­Â“ÂƒÃ¯,0.0
Å“XuÃ¯,0.0
Å“ÃÂ£Ã¯,0.0
Å“8p,0.0
Å“k,0.0
Å“PjÃ¯,0.0
Å“ÃÂ–Ã¯,0.0
Å“B,0.0
Å“lÃÂuÃ¯,0.0
iJPkÃ¯,0.0
Å“5Ã¯,0.0
Å“Ã¯,0.0
Å“DdÃ¯,0.0
Ã†ÂƒÃ¯,0.0
Å“gÃ¯,0.0
pÃ¯Â¿Å“Ã¯,0.0
Å“Ã¯Â¿Å“Ã¯,0.0
KÃ¯,0.0
Å“iÃ¯,0.0
qÃ¯Â¿Å“Ã®,0.0
Å“GuÃ¯,0.0
Å“Pm6,0.0
Å“z,0.0
Å“NÃ¯,0.0
Å“ÃÂ’Ã¯,0.0
Å“bjNnnÃ¯,0.0
Å“LÃ¯,0.0
Å“ÃŸ,0.0
Å“5Ã¯,0.0
Ã‰Âd,0.0
LÃ¯,0.0
Å“jOÃ‘,0.0
Å“Y,0.0
Å“nOÃ¯,0.0
NÃ¯,0.0
Å“zÃ¯,0.0
Å“X,0.0
Å“Ã’Å’ipÃ¯,0.0
Å“MSssÃ¯,0.0
Å“x,0.0
Å“VÃ¯,0.0
Å“UkÃ¯,0.0
Å“mÃ¯Â¿Å“dÃ¯,0.0
Å“mÃ§Â„Â¢kÃ¯,0.0
Å“mÃ§Â„Â¢kÃ¯Â¿Å“F1Ã¯,0.0
Å“F1Ã¯,0.0
Å“F1Ã¯Â¿Å“F,0.0
Miguel Fisher,0.0
Last,0.0
Jeremy Norris,0.0
Dana Goodwin,0.0
897,0.0
5961c4ed-5c5b-40e4-b0ab-1e0217cb12c0,0.0
d3243667-8978-454b-917e-530ab514fcb0,0.0
2243528,0.0
693c9865-5633-40a1-bcb6-3f0dd68a41c4,0.0
544344,0.0
2056,0.0
95219,0.0
579919,0.0
Ocean Tuna,0.0
262157542,0.0
46194,0.0
826273,0.0
951,0.0
911,0.0
9204971,0.0
2230601,0.0
10,0.0
Explorer,0.0
Diana Brandt,0.0
Brandi Bowen,0.0
Taylor Chan,0.0
1a069318-6dc0-45d0-9948-7b846f61c201,0.0
79513661-4dbe-4797-a73a-e53177f7a4b3,0.0
Michele Henry,0.0
36295,0.0
a7a35f33-3e72-44f2-a51b-922e44da23bc,0.0
Ã¢Â€Â˜artisanalÃ¢,0.0
Ã¢Â€Â˜subsistenceÃ¢,0.0
Jeremiah Delacruz,0.0
Ã¢Â€Â˜squids,0.0
Ã¢Â€Â˜clams,0.0
Octopus,0.0
60253,0.0
109746,0.0
13015105,0.0
Ms. Jenna Gonzalez MD,0.0
37e46ce7-3cfa-4805-a254-5549adf19805,0.0
Scott Mays,0.0
b4caf8cd-dbc7-4c99-9f2b-de407274c08b,0.0
38b72863-eaf3-4270-a213-d9ddaee2c6cb,0.0
410af01b-a5fb-4d6c-946d-a48fea30332b,0.0
Ã¢Â€Â˜Socioeconomic,0.0
553309,0.0
EBSCOhostÃ¢Â€Â”searched Ã¢Â€Â˜octopus,0.0
AND fisheryÃ¢,0.0
515270,0.0
09e2222b-c13c-4a94-b1d9-b79238be0788,0.0
artisanalÃ¢,0.0
704,0.0
Elizabeth Savage,0.0
Ã¢Â€Â˜octopusÃ¢,0.0
Ã¢Â€Â˜cephalopodÃ¢,0.0
cyaneaÃ¢,0.0
mayaÃ¢,0.0
Taylor Park,0.0
Ã¢Â€Â˜polvoÃ¢,0.0
Ã¢Â€Â˜livelihoodÃ¢,0.0
Angela Wheeler,0.0
Lisa Branch,0.0
folkÃ¢,0.0
Ã¢Â€Â˜womenÃ¢,0.0
Ã¢Â€Â˜fisherÃ¢,0.0
managementÃ¢,0.0
Ã¢Â€Â˜o,0.0
Adam Blankenship,0.0
Ã¢Â€Â˜poulpeÃ¢,0.0
Mr. Thomas Johnson DDS,0.0
scaleÃ¢,0.0
Costa del Mar Oyj Hijiki,0.0
Miss Jessica Baker DVM,0.0
Alonso-FernÃƒ,0.0
4b6a1701-93c3-403c-bd2f-9684106e8bba,0.0
c1aeee2d-0030-4d85-b45c-ac3fd9887b98,0.0
Bu yu wang Plc Carriers,0.0
Jeffrey Yates,0.0
42aea61e-a98f-4528-9f30-51624ecf3957,0.0
1334578,0.0
7670,0.0
43,0.0
conjunction,0.0
OE23,0.0
3601920,0.0
435978092,0.0
Andres Cook,0.0
22a2062d-03d8-48c3-9e91-9e5930b8d29f,0.0
Tyler Guzman,0.0
ab195b55-453e-4436-ab0c-9f5660b4ec8c,0.0
Joseph Gonzales,0.0
Cindy Ritter,0.0
5441,0.0
199442,0.0
903,0.0
Erica Mitchell,0.0
829,0.0
995899,0.0
47249,0.0
23399545,0.0
621,0.0
europeansting,0.0
Jammu & Kashmir Ltd Family,0.0
7023,0.0
13863,0.0
James Smith MD,0.0
Brian Palmer,0.0
35683821,0.0
Morgan Bell,0.0
1465792,0.0
366,0.0
19386200,0.0
85946,0.0
172114,0.0
657,0.0
87339689,0.0
522017227,0.0
29,0.0
327481624,0.0
cf651b3c-4e21-458c-91c4-3cae2eb36bcb,0.0
17c99d9d-7049-4ebb-8a2a-f3d39cc42870,0.0
760402,0.0
Sarah Clark,0.0
Water,0.0
737137552,0.0
77bfcfcd-af2c-4b58-8a99-871a6c6109f2,0.0
25875c2e-ff9a-4669-bad7-2c84bafb7515,0.0
Matthew Martin,0.0
Tyler Brown,0.0
11960055,0.0
ce0d446c-d08d-49a8-8aa2-e625ead63d0c,0.0
25423,0.0
Delhi ers AS Holdings,0.0
Cape of Good Hope  Oyj,0.0
abcb0d9c-80da-4491-99f3-e093984f5373,0.0
Erin Simmons,0.0
LOMÃƒ,0.0
6ae0d6bb-b101-4905-8b41-86b10a580c82,0.0
Kristina Frazier,0.0
Bryan Johnston,0.0
874124852,0.0
05ef2661-6f3a-4f37-83e7-2ec8352afaef,0.0
2ef60e7b-4914-4dbd-a063-5b23143fe5db,0.0
2633692,0.0
fc4e853f-6e18-4631-bf95-f70d6a30579f,0.0
6c7a8222-efc7-41a6-809a-043b091ae04a,0.0
Dale Warner,0.0
451,0.0
705283b0-cdb7-4f0a-8481-b3fea243a8e5,0.0
30295c76-f2c6-4284-89fd-8f8fd082889b,0.0
StatesÃ¢,0.0
Gulf,0.0
Boat,0.0
Teresa Rivera,0.0
767368152,0.0
6d887b98-7c48-4a82-98bb-2f50fe4b29d5,0.0
salmon,0.0
George Ramirez,0.0
4e872202-1d65-4183-80c9-e8c12c8f736e,0.0
4382,0.0
7320771,0.0
94760735,0.0
969,0.0
86dc0f8c-7305-4c1e-b655-cf16eefd6fce,0.0
8164acdd-514f-4e18-867c-4bc63cebf15b,0.0
Playa del Mar Caviar,0.0
a7f76d84-4ccf-424a-9bf9-fc20b862b7a8,0.0
142,0.0
3183,0.0
Estrella de la Costa Inc Transit,0.0
802113,0.0
372016989,0.0
Alan Pacheco,0.0
50335cc3-71d6-4803-baca-5faaecfc33cb,0.0
Virginia Carter,0.0
April James,0.0
Aleut Community St,0.0
KanuuxÃŒ,0.0
e8036bce-0679-41d2-aa7b-d444163ae65a,0.0
Ã¢Â€ÂœSewardÃ¢Â€Â™s FollyÃ¢,0.0
Wendy Duarte,0.0
aa1f466d-d060-40fa-ab0e-3f8bb2ca940f,0.0
Alexis Murphy,0.0
AlaÃ„Âum KanuuxÃŒ,0.0
Angela Powers,0.0
Eric Gentry,0.0
Donna Shepherd,0.0
Zambezi Rapids NV Brothers,0.0
25652724,0.0
430,0.0
f402c1d2-8262-4bae-aa92-c8675a7006fc,0.0
49729,0.0
9209373,0.0
dff423b9-cf9a-4b0a-849f-ecb513924287,0.0
993137821,0.0
2421,0.0
7413,0.0
43185,0.0
937182447,0.0
Ã¢Â€ÂœAlaÃ„Âum KanuuxÃŒ,0.0
861,0.0
Gary Scott,0.0
883290144,0.0
859375359,0.0
47967ccc-0e26-458d-b1e5-80e8668db714,0.0
7056336,0.0
36322,0.0
52,0.0
c9b9c344-98ec-40b8-af05-8528e5d82534,0.0
42603647,0.0
8544797,0.0
5070599,0.0
8966,0.0
39,0.0
Plastic,0.0
927244,0.0
e53552bc-174b-4799-b96b-c23cfa0731cb,0.0
9166,0.0
19,0.0
48,0.0
Thomas Curry,0.0
87ea830d-be41-4317-8b1b-142f23da70d7,0.0
662118,0.0
45,0.0
c14a3dc1-59d0-4b92-b9f3-331e51912787,0.0
17-Sep,0.0
Christopher Peterson,0.0
505943,0.0
Isaiah Hammond,0.0
Erica Bailey,0.0
90183,0.0
79538,0.0
Kevin Norton,0.0
Gregory Moore,0.0
43685541,0.0
7871,0.0
7247721,0.0
22,0.0
cefaf8b3-3aa2-4c59-b4aa-7974c8e1fe32,0.0
Ã¢Â€Â˜greenÃ¢,0.0
normal,0.0
ede1806c-b3d1-47f5-ba49-d948d6ec385a,0.0
36,0.0
52e9a600-9d6f-4683-95be-c7c60c57ffe1,0.0
Christina Olsen,0.0
DiÃƒ,0.0
logo,0.0
Amy Wise,0.0
8609,0.0
40952,0.0
27641046,0.0
e167b40a-96f4-40e0-873b-78950e4434f4,0.0
324989705,0.0
5415,0.0
9473,0.0
52093e45-b873-4300-9612-8dfc291b1339,0.0
46aadaa6-fb30-4474-a060-3adb689f4189,0.0
8c53a730-3aa1-463f-aef6-999a3cfbfb70,0.0
528,0.0
Abigail Foster,0.0
Rybachit Limited Liability Company,0.0
Hunter Wheeler,0.0
Christopher Miller,0.0
ae88562c-5c39-4c15-b128-b4f67f5e5812,0.0
ipoa-iuu,0.0
Think Tank Index ReportÃ¢,0.0
upenn,0.0
edu,0.0
2ceda972-c633-4a88-bbe8-a4fe48cb5555,0.0
Torremolinos,0.0
International-Convention,0.0
imo,0.0
890,0.0
Ã¢Â€ÂœU,0.0
Senegal Coast Oyj Motorboat,0.0
762833,0.0
Spy,0.0
Howard Pierce,0.0
228,0.0
63,0.0
84,0.0
22150,0.0
Jill Boyd,0.0
Kristin Davidson,0.0
Robert Carpenter,0.0
Mario Richardson,0.0
Ã¢Â€Âœregions,0.0
7529,0.0
90254947,0.0
591787,0.0
Joseph Johnson,0.0
Peter Oliver,0.0
Ã¢Â€ÂœsinkÃ¢,0.0
555217629,0.0
Jeremy Jackson,0.0
Kelly Brown,0.0
Susan Porter,0.0
Meghan Wolfe,0.0
Zachary Petersen,0.0
Stephen Evans,0.0
Charles Tran,0.0
23550059-88d4-4a69-b74e-3c7de8bf56de,0.0
Patricia Byrd,0.0
Ronald Mahoney,0.0
Playa de Coral GmbH Consultants,0.0
Kirk Jackson,0.0
Ã¢Â€ÂœdegradedÃ¢,0.0
Jeffrey Curry,0.0
Steven Huynh,0.0
Evelyn Huang,0.0
Ã¢Â€Â‹point,0.0
Bonnie Perez,0.0
Courtney Evans,0.0
MexicoÃ¢Â€Â™s YucatÃƒ,0.0
Jerry Welch,0.0
1196cfc8-175c-465b-aee9-fbf74c81aa49,0.0
87,0.0
NiÃƒÂ±o,0.0
Judy Johns,0.0
Richard Greer,0.0
David Hayden,0.0
Matthew Delgado,0.0
21e68e53-183c-45a0-9805-68c099d4d9c0,0.0
Ã¢Â€ÂœpioneersÃ¢,0.0
embaÃƒÂºba,0.0
Ã¢Â€Âœzombie,0.0
Kenneth Jones,0.0
Ã¢Â€ÂœSwiss,0.0
Elizabeth Dean,0.0
Daniel Mason,0.0
Miss Angel Thomas,0.0
Amanda Mitchell,0.0
Scott Brown,0.0
days,0.0
38111,0.0
Thomas Rivas,0.0
Holly Taylor,0.0
66030248,0.0
20571414,0.0
31894357,0.0
1225,0.0
363355,0.0
387674,0.0
Alan Wells,0.0
981038,0.0
Ã¢Â€ÂœThese,0.0
Stephen Lowe,0.0
Nicholas Hernandez,0.0
Stephanie Robinson,0.0
e678510b-947d-455a-8eb0-44d1009682ec,0.0
The Pew Charitable TrustsÃ¢,0.0
Jerry Montgomery,0.0
ad8fe467-3759-4f53-bf6a-896a237d187f,0.0
Leng 999 Gal,0.0
1402,0.0
a0deebdf-db0c-4aa8-91b6-0536e017c20f,0.0
25125567,0.0
Parker Jones,0.0
Ã¢Â€ÂœCollecting,0.0
33681303,0.0
Michael Brock,0.0
2573803,0.0
56126935,0.0
Ã¢Â€ÂœcollaborativeÃ¢,0.0
Xavier Sanchez,0.0
Raymond King,0.0
Thomas Morales,0.0
138782226,0.0
Christopher Daniel,0.0
Linda Sherman,0.0
Mary Lucas,0.0
Morgan Black,0.0
Kristine Vaughn,0.0
1301719,0.0
Melissa Gonzales,0.0
496391,0.0
7539428,0.0
8afc9cb6-edf5-4a7d-9a02-054444a5604e,0.0
Crystal Smith,0.0
Richard Perkins,0.0
Amanda Gibson,0.0
Christine Jones,0.0
Carlos White,0.0
28379,0.0
Christine Robinson,0.0
958085,0.0
Diao er Ltd. Corporation Transport,0.0
Tshikwea Corp Marine sanctuary,0.0
5ede75fe-f670-4a59-b693-da34e7f6eb47,0.0
Robert Adams,0.0
Brandon Jackson,0.0
Sierra Smith,0.0
519994690,0.0
102642,0.0
7908385,0.0
691192,0.0
243964,0.0
Turkish Sword Ltd Export,0.0
Jasmine Camacho,0.0
Lindsey Palmer,0.0
Ã¢Â€Âœespecially,0.0
Melissa Spence,0.0
e13aca6a-88b5-4be7-a293-4a57854d7b1d,0.0
Jessica Brown,0.0
Daniel Snyder,0.0
441,0.0
Bethany Wright,0.0
Willie Hill,0.0
Jennifer Meyers,0.0
Allison Leonard,0.0
Ã¢Â€Â™Ã¢,0.0
Amanda Andrews,0.0
Bruce Brooks,0.0
111795162,0.0
482048,0.0
70,0.0
Ã¢Â€ÂœHe,0.0
7cc6bfba-4893-444b-a641-a7d0b48fa427,0.0
56,0.0
621770,0.0
3016,0.0
98703,0.0
Misty Thomas,0.0
314,0.0
567,0.0
990,0.0
341853,0.0
13592,0.0
Dawn Sanchez,0.0
979893388,0.0
Tammy Ryan,0.0
Timothy Lopez,0.0
Marine Mermaids CJSC Marine biology,0.0
David Larsen,0.0
706129,0.0
14,0.0
4698,0.0
89734,0.0
Terry Murphy,0.0
491,0.0
3528,0.0
43247945,0.0
e1d7b4ac-ed31-42a4-9375-4afb0f78f276,0.0
Mary Horton,0.0
cutter James,0.0
Mr. Mark Kline,0.0
1da2bc5a-e590-41c9-9982-2ade48dfc426,0.0
842229565,0.0
Dylan Roberts,0.0
Hang,0.0
41695239,0.0
489,0.0
67a59fab-710a-4992-b6d0-d581fd9dceba,0.0
da75877e-ec57-42cc-82b9-de68c8d333e7,0.0
boat,0.0
Michelle Hancock,0.0
Kathy Rodriguez,0.0
GalÃƒ,0.0
950296,0.0
Oceans,0.0
David Weber,0.0
7c54563c-577c-462f-8e30-389b510c776a,0.0
Morning,0.0
Jennifer Simmons,0.0
4759,0.0
626,0.0
72899187-0989-47fa-9db0-cd1d4c3fc4e3,0.0
833355,0.0
27078926,0.0
2983,0.0
613281364,0.0
Dylan Moss,0.0
92,0.0
8597,0.0
801809,0.0
Angela Spencer,0.0
97,0.0
6889326,0.0
ec1b111d-b9eb-4eef-ab00-ff7124cca480,0.0
32416483,0.0
f2aee915-d483-4823-a030-9aac5e44c1fe,0.0
oceanÃ¢Â€Â™s,0.0
7328,0.0
OceanicOrigin Foods Co and Son's,0.0
71317,0.0
852015,0.0
65,0.0
58745,0.0
71755,0.0
1972868,0.0
61057213,0.0
653,0.0
473c1320-e50b-4f90-a068-76f82e210f26,0.0
Ola de la Costa S.A. de C.V.,0.0
24641639,0.0
678,0.0
6393,0.0
Margaret Shields,0.0
346281879,0.0
341,0.0
1094345,0.0
629,0.0
Brian Wolfe,0.0
119411,0.0
8950,0.0
8041aa28-8c50-4083-a528-469c0c6251d9,0.0
Frank Guzman,0.0
34f0cbbf-83c3-4e09-ad7a-b94a778f7c12,0.0
Michael Porter,0.0
Madison Edwards,0.0
Calvin Salas,0.0
Ã¢Â€ÂœpresumedÃ¢,0.0
Ã¢Â€ÂœconfirmedÃ¢,0.0
685607,0.0
265494227,0.0
2a282617-d174-409c-b0b1-490fdc369335,0.0
xu y Ltd. Corporation,0.0
periods years,0.0
89035,0.0
Tristan Johnson,0.0
Andrew Gamble,0.0
21724,0.0
Ã¢Â€Âœhigh,0.0
Ã¢Â€ÂœwidespreadÃ¢,0.0
David Mcfarland,0.0
Ã¢Â€Â˜protectedÃ¢,0.0
30700925,0.0
George Morton,0.0
Janice Bell,0.0
Saturday,0.0
a39483f8-121a-4c18-9b20-9e0d2cba52e9,0.0
58623386,0.0
492238508,0.0
Anita Tate,0.0
4447143,0.0
Lisa Foster,0.0
34252,0.0
8494294,0.0
CatchÃ¢,0.0
17,0.0
150674265,0.0
Audrey Romero,0.0
Melinda Wade,0.0
36b70b18-465a-442f-bfbe-cedb85d48acc,0.0
13,0.0
3887,0.0
reefers,0.0
Ã¢Â€ÂœencounteredÃ¢,0.0
Veronica Payne,0.0
Ronnie Burns,0.0
Lisa Lambert,0.0
1360,0.0
Kimberly Lara,0.0
2ad4f7ea-6f93-4a11-ace7-d7a4234bb991,0.0
b24194ae-69ad-4e6c-be29-787c215cde65,0.0
Sara Jenkins,0.0
19a4297e-2d2b-47c0-9dce-816148a16f4e,0.0
Maru,0.0
Danielle Camacho,0.0
60693571,0.0
54073418,0.0
Mr. Justin Bailey MD,0.0
76568,0.0
c682ec16-cd10-4a6c-94ce-4a5eb590b42e,0.0
Paula Allen,0.0
13 yearsÃ¢,0.0
three,0.0
Christy Fields,0.0
Michele Hernandez,0.0
Mary Castillo,0.0
Jennifer Brown,0.0
John Barnes DDS,0.0
830155,0.0
Anna Turner,0.0
Stephanie Quinn,0.0
9590898,0.0
Joshua Garrett,0.0
95230042,0.0
21240092,0.0
7234,0.0
6335187,0.0
695031,0.0
2508,0.0
6391,0.0
Mary Jenkins,0.0
75835980,0.0
23774,0.0
Nicole Smith,0.0
9992346,0.0
227,0.0
ocean,0.0
Jennifer Reilly,0.0
79,0.0
39893,0.0
47bd4f34-d0af-41f0-88c5-eb9d4fde440c,0.0
3782,0.0
7441,0.0
Fisheries Animal IndustriesÃ¢,0.0
Donald Thompson,0.0
Cynthia Byrd,0.0
Christopher Hernandez,0.0
58666504,0.0
Jennifer Frederick,0.0
70347729,0.0
116070050,0.0
b47086b0-e225-436a-83b1-2cf5cda4dbd5,0.0
613465161,0.0
bottom,0.0
Michael Patton,0.0
Kristin Jones,0.0
884648,0.0
90,0.0
353149780,0.0
2913,0.0
693436,0.0
88a1fe65-33d9-487a-a3ac-d4208f41b754,0.0
Jenna Barton,0.0
67f3755e-7f86-40a1-ae17-998d50a3e772,0.0
631919,0.0
Stephen Gutierrez,0.0
Jessica Owens,0.0
John Hutchinson,0.0
Daniel Wood,0.0
Ã¢Â‚Â¬7,0.0
reefer,0.0
Fu Yuan Yu Leng 999,0.0
88e9e7e8-3edf-4fd4-959d-8ec4f53e59d6,0.0
8732,0.0
44396,0.0
f7a4114d-d1ca-44df-a7e0-c72e440671ba,0.0
6038,0.0
Chinook,0.0
6274,0.0
f9f6fc72-83db-4c44-a818-dde6c33985f9,0.0
6758207,0.0
abc12,0.0
40,0.0
615043,0.0
Robert Lewis,0.0
Margaret Nichols,0.0
64124835,0.0
767,0.0
Chris Grant,0.0
Angela Orr,0.0
67909,0.0
e09b64a2-397a-4bec-96a1-7d61479fe37a,0.0
1012,0.0
Katelyn Gibson,0.0
Kayla Reynolds,0.0
724,0.0
824,0.0
William Williams,0.0
Vicki Owen,0.0
Alyssa Mccoy,0.0
292bf7d9-d86c-411d-9a85-da0cb4535e22,0.0
c82d3e99-b297-484e-a28a-76cba8d515cc,0.0
Scott Wright,0.0
854,0.0
2653581,0.0
John Conley,0.0
977,0.0
James Hernandez,0.0
1f899410-3447-48e7-bcb3-cbff10619e86,0.0
39048624,0.0
river,0.0
Rhonda Johnson,0.0
54,0.0
1853970,0.0
87648111,0.0
Barbara Mccarty,0.0
Christopher Simon,0.0
Lauren Jackson DDS,0.0
Ã¯Â¬Âshes,0.0
Ã¯Â¬Âsh,0.0
Darren Wilson,0.0
Andrew Miller,0.0
Erica Cisneros,0.0
440994840,0.0
Heather Hill,0.0
Krystal Lee,0.0
42258,0.0
506986590,0.0
7321,0.0
647724,0.0
272735814,0.0
Wesley Woods,0.0
Dry Creek Marine sanctuary,0.0
1214936,0.0
2751,0.0
Marvin White,0.0
Philip Black,0.0
Laurie Clark,0.0
7548555,0.0
ARA Contraalmirante Cordero,0.0
Keith Webb,0.0
54217974,0.0
38,0.0
Elijah Gordon,0.0
71352,0.0
60806,0.0
259e9338-b33e-4dc7-843a-96a720d22d9b,0.0
461553,0.0
538991,0.0
71,0.0
Rebecca Fox,0.0
expect year,0.0
Charles OJSC Marine conservation,0.0
shrimper,0.0
Caracola Azul Limited Liability Company,0.0
Brandy Williams,0.0
d6968538-6f18-4a1c-a4e2-59de3c0e25c2,0.0
coastguard,0.0
Viento y Mar BV,0.0
Robert Vega,0.0
James Sampson,0.0
Debra Hebert,0.0
135024,0.0
38844,0.0
John Frederick,0.0
Allison Rodgers,0.0
759,0.0
0ae94787-4593-4139-848d-9174ea13ac23,0.0
OceanFront Foods Co Beach,0.0
19186817,0.0
2748013,0.0
23636990,0.0
996,0.0
81661977,0.0
metric,0.0
24189,0.0
216,0.0
Frederick Hunter,0.0
9977227,0.0
64365043,0.0
06c161ac-e601-493f-b8df-839382e16a74,0.0
458785,0.0
e5e2e269-ccc5-4e16-88a8-e909c1fa32db,0.0
42,0.0
4258240,0.0
Julie Parks,0.0
891,0.0
a96730cc-485e-46be-aba4-339442bacd8d,0.0
USCGC,0.0
Kristi Weeks,0.0
DDG,0.0
USS,0.0
USS Hurricane,0.0
PC,0.0
Brandi White,0.0
Tara Hanson,0.0
Wesley Vasquez,0.0
16,0.0
Rebecca Adams,0.0
29481,0.0
Briana Johnson,0.0
6126134,0.0
595038316,0.0
673431,0.0
73704,0.0
6780,0.0
Mr. Joseph Johnson,0.0
7480,0.0
Marie Lee,0.0
4769248,0.0
3015,0.0
2679,0.0
97836b65-db6a-43bf-9467-cf57d84645ff,0.0
Douglas Gillespie,0.0
Ã¢Â€ÂœdisasterÃ¢,0.0
Jonathan Garner,0.0
Amanda Contreras,0.0
Long Xing 629,0.0
Bryan Hill,0.0
58db776e-40f1-4e68-b13d-dcc42416ce58,0.0
Anthony Le,0.0
Jo Francis,0.0
Stephanie Thompson,0.0
Michael Baker,0.0
868,0.0
99985383,0.0
298,0.0
Michael Wagner,0.0
Susan Hodges,0.0
Michael Chen,0.0
Jennifer Thompson,0.0
Sabrina Zamora,0.0
Hannah Chandler,0.0
Deckhands,0.0
Bruce Bates,0.0
Kimberly Lopez,0.0
Teresa Jackson,0.0
Ã¢Â€ÂœWe fins,0.0
ecf18ac9-a773-43a0-98c8-cdd264565b2f,0.0
46,0.0
65fea097-e838-4be6-9889-83f5361fe777,0.0
Ann Nelson,0.0
Robert Nguyen,0.0
dec69ea4-1c0c-4b31-b6fe-7d0c7e4b8fd9,0.0
Dr. Michelle Dominguez,0.0
Charles Hart,0.0
Tian,0.0
Patricia Bowen,0.0
Paul Holloway,0.0
Maria Russell,0.0
Justin Rodriguez,0.0
Carl Lopez,0.0
Mar del Norte Ferry,0.0
122245,0.0
4946,0.0
Gabriela Graham,0.0
Joseph Newman,0.0
Danielle Valdez,0.0
Susan Williamson,0.0
Lauren Reynolds,0.0
91,0.0
20,0.0
74211169,0.0
Romero Oyster NV Carriers,0.0
James Hall,0.0
3553,0.0
72875,0.0
Coast Guard Cutter Edgar Culbertson,0.0
Heidi Kline,0.0
863749817,0.0
475,0.0
567217,0.0
Oliver,0.0
Amanda Becker,0.0
160,0.0
Nicholas Dennis,0.0
938816,0.0
Ã°ÂŸÂ’ÂªÃ°ÂŸÂª,0.0
5469,0.0
4679,0.0
Cape Verde Islands Oyj,0.0
Andre Phillips,0.0
USCGÃ¢Â€Â™s,0.0
CutterOliverHenry,0.0
Scott Solis,0.0
Jonathan Spence,0.0
11,0.0
Tanner Smith,0.0
Emily Bailey,0.0
30041,0.0
468511,0.0
86,0.0
Ann Flowers,0.0
60774,0.0
47,0.0
Michael Bullock,0.0
Michelle Singh,0.0
SSN,0.0
Tyler Palmer,0.0
HMAS,0.0
dec44f58-94b0-4070-bfb3-1e13ef308ec3,0.0
Chad Nichols,0.0
2114,0.0
34020206,0.0
Fin Flair Pic Delivery,0.0
Scott Wallace,0.0
Tony Patterson,0.0
Sampath,0.0
683962,0.0
Anna Johnson,0.0
95c715ba-891e-4472-8e2a-4e746dcc266a,0.0
Anna Smith,0.0
760219951,0.0
36744944,0.0
734121719,0.0
Kathleen Gates,0.0
6b58646e-1d3a-4b72-b8a0-9f57c296d73d,0.0
9357541,0.0
William Atkinson,0.0
Lisa Payne,0.0
87278,0.0
Christine Chaney,0.0
8226730,0.0
5b199218-6513-430b-8e56-8aa1d83456a3,0.0
Mr. Jose King,0.0
Thomas Adams,0.0
75,0.0
Kimberly Olson,0.0
911243414,0.0
9280,0.0
cc6cf3e0-5794-4497-a31d-79b4db1b55a9,0.0
Ryan Garrett,0.0
408119,0.0
Gary Butler,0.0
Gary Smith,0.0
Denise Diaz,0.0
6ead18ca-3084-4f8e-9c1e-a5e470fc5935,0.0
48259,0.0
b636c0f8-2ddf-42ad-9f9c-73bd48682561,0.0
United StatesÃ¢,0.0
55301,0.0
Elaine Duncan,0.0
Game ThiefÃ¢,0.0
604905,0.0
784221,0.0
ae19b5a7-4f70-4366-98ad-819e3009aeca,0.0
d4947401-8ec7-48b9-a66f-45d983d59e0a,0.0
Dennis Little,0.0
Ã¢Â€ÂœtransshipmentÃ¢,0.0
Brooke Garza,0.0
Feng,0.0
82462633,0.0
Carrie Elliott,0.0
5235138,0.0
Breanna Ward,0.0
Donna Webb,0.0
summer,0.0
Tracy Smith,0.0
Kimberly Petersen,0.0
Robert Schaefer,0.0
Samuel Stokes,0.0
Timothy Hernandez,0.0
5680682,0.0
47234884,0.0
Marcus English,0.0
Meghan Kim,0.0
David Nunez MD,0.0
30,0.0
Thomas Diaz,0.0
Hannah Taylor,0.0
Joanna Brown,0.0
307,0.0
Monique Rios,0.0
yearsÃ¢Â€Â”that,0.0
950574,0.0
Pacific Island States United StatesÃ¢,0.0
territory American Samoa,0.0
62d4bdbc-8978-4cbf-b9ea-82aaa9188c91,0.0
900,0.0
Coastal Crusaders Kga Worldwide,0.0
Luis Douglas,0.0
Seashell Sanctum SRL Transport,0.0
Fernando Steele,0.0
David Tucker,0.0
Tiao piao AG Delivery,0.0
e39609a3-b437-41c2-b114-e21dc69a9bb1,0.0
Ã¢Â€Âœeared sealsÃ¢,0.0
Robert Mcintosh,0.0
Amber Sharp,0.0
James Anderson,0.0
497,0.0
7892,0.0
8513,0.0
1415,0.0
3433,0.0
Kara Sullivan,0.0
Teresa Gardner,0.0
Trevor Brown,0.0
Kimberly Roberts,0.0
Ricky Holland,0.0
Lydia Day,0.0
Ã¢Â€Âœit,0.0
Nichole Kline,0.0
Ryan Rich,0.0
650749,0.0
Shawna Welch,0.0
Zachary Jordan,0.0
holesÃ¢,0.0
89526932,0.0
Ã¢Â€Âœfirst,0.0
26978247,0.0
nigeria,0.0
boatÃ¢Â€Â™s,0.0
53792,0.0
c66f5cd5-3891-43ce-a3f8-0147b3d643b1,0.0
032522db-8105-4c26-8142-ae9d5806f7c5,0.0
Mrs. Melinda Richardson,0.0
Frederick Harris,0.0
30141220,0.0
90192265,0.0
Natalie Gill,0.0
23f52980-e4f4-43da-ac02-9c1eef637751,0.0
245658,0.0
552027385,0.0
Brian Stevens,0.0
Ã¢Â€ÂœconservativeÃ¢,0.0
e4e5b1ca-e210-4d3f-8cea-fa5c2309340f,0.0
ce06b4c4-dd19-485d-ad52-f7cd953db1c2,0.0
d2589980-b0c7-4c36-8ddf-8afe554853ea,0.0
Robin Fernandez,0.0
week,0.0
Diana Kelley,0.0
Angela Wright,0.0
Miranda Small,0.0
Stacey Ortega,0.0
FV,0.0
Gary Crawford PhD,0.0
FV Snake,0.0
FV Viking,0.0
FV Thunder,0.0
AquacultureÃ¢,0.0
Paul Parker,0.0
4877,0.0
Ã¢Â€ÂœdiscriminationÃ¢,0.0
Jessica Gibson,0.0
da7677f8-d1f0-4e35-afe9-4240613e866b,0.0
48115,0.0
Rhonda Sullivan,0.0
Adam Gutierrez,0.0
Gregory Carter,0.0
Martin Bryant,0.0
555,0.0
903311212,0.0
683113035,0.0
th,0.0
Bruce Spears,0.0
ItaquaÃƒ,0.0
1710a32e-7a58-4d7f-9c5e-bf897b7419a3,0.0
Sherry Richmond,0.0
Daniel Shaffer,0.0
Sierra Vincent,0.0
Margaret Ward,0.0
Wendy Crane,0.0
Richard Bowers,0.0
Joshua Hammond,0.0
Samuel Cross,0.0
Ã¢Â€ÂœAs,0.0
47698,0.0
DECEUNINCK,0.0
Kristi Ryan,0.0
199,0.0
23990411,0.0
10880329,0.0
Rhonda Price,0.0
45ff391d-0f6a-4ee4-abe6-8b06d07dbfd6,0.0
e941d006-6590-4143-9d0d-12926b0b6f5c,0.0
Tyler Blanchard,0.0
Shawn Cook,0.0
ce2247ab-4922-420f-8d42-504c4ddda305,0.0
Susan Montoya,0.0
William James,0.0
e0cdfc51-7473-481d-8900-03f66d6e359e,0.0
Ricardo Gomez,0.0
75471,0.0
14 months,0.0
82408558,0.0
f6cca381-c55e-44cc-b685-6c4139459b96,0.0
f94bcae5-b023-48f6-a0d5-ff2f01cc00ed,0.0
Ã¢Â€Âœcatch,0.0
Ã¢Â€Âœtotal,0.0
Manipur Market AG Consultants,0.0
Ã¢Â€ÂœMoby-DickÃ¢,0.0
04eab3c4-ed99-467b-8844-b5279a6b955e,0.0
5312744,0.0
Amanda Santana,0.0
Dana Macias,0.0
Helen Chase,0.0
Candace Burnett,0.0
34153143,0.0
Ã¢Â€ÂTheoretically,0.0
Jonathan Torres,0.0
Gary Dunn,0.0
721436,0.0
Brittany Frey,0.0
Brett Williams,0.0
Seafreeze Ltd,0.0
36033030,0.0
Todd Lane,0.0
Alicia Lee,0.0
8112222,0.0
19471,0.0
Linda Holden,0.0
Donna Romero,0.0
Amanda Garcia,0.0
Shona Barracuda AB Worldwide,0.0
415053,0.0
Ã¢Â€ÂœBHFÃ¢,0.0
Olivia Bradshaw,0.0
461541,0.0
Ã¢Â€ÂœProPublicaÃ¢,0.0
Ã¢Â€ÂœyesterdayÃ¢,0.0
Ã¢Â€Âœlast week,0.0
Ã¢Â€ÂœPortlandÃ¢,0.0
watercraft,0.0
Bradley Murphy,0.0
Madison Franklin,0.0
Rapido beam,0.0
Mary Montoya,0.0
Rapido beam trawler,0.0
ordinary,0.0
Kari Zavala,0.0
91a2a8e6-f56f-4663-8be9-0bbfd5440489,0.0
40cfcd88-fceb-49bd-a71a-053aacddad42,0.0
cb537677-9d82-4d58-8066-899bdc51c4f1,0.0
4Ã¢Â€Â‰ÃƒÂ—Ã¢Â€Â‰15Ã¢,0.0
Ã¢Â€Â‰60,0.0
diesel,0.0
bottom otter trawler,0.0
2820033,0.0
1559,0.0
495035052,0.0
25,0.0
96,0.0
60910422,0.0
285351,0.0
75399,0.0
da91eeb8-11f7-4634-95e7-f9413e9957aa,0.0
720,0.0
fdcbe098-dbe6-4e52-8bd7-96cf3ae30101,0.0
779,0.0
2673,0.0
6185842,0.0
762165,0.0
428,0.0
4962642,0.0
93,0.0
Olivia Bailey,0.0
ffc679cd-57ac-4846-b023-8be73ca754fa,0.0
FlodstrÃƒ,0.0
700,0.0
941899076,0.0
520,0.0
85,0.0
9636,0.0
449,0.0
Ã¢Â€ÂœcardingÃ¢,0.0
Tyler Flores,0.0
Michelle,0.0
2466,0.0
72212757,0.0
449820,0.0
6406914,0.0
Madeline Collins,0.0
76609426,0.0
Mrs. Jessica Meyer,0.0
Ã¢Â€ÂœMoreover,0.0
Darren Torres,0.0
Brittany Brewer,0.0
8651344,0.0
Daniel Roberts,0.0
85b8a8cf-7f07-4bab-8b44-1d79940aab8d,0.0
933754160,0.0
Tyler Turner,0.0
allAfrica,0.0
933c4581-7ecc-4377-995c-7a200fee617b,0.0
Ã‚Â£9,0.0
Melinda Bentley,0.0
41713,0.0
900338,0.0
665912557,0.0
1341798,0.0
23299,0.0
Danielle Perry,0.0
Paula King,0.0
Laurie Mclaughlin,0.0
Melinda Williams,0.0
614,0.0
802775,0.0
5688339,0.0
morningÃ¢Â€Â™s,0.0
Anna Thomas MD,0.0
Michele Black,0.0
3857345,0.0
Ms. Brittany Murray,0.0
Matthew White,0.0
Ã‚Â£800,0.0
Tonya Key,0.0
Sara Waller,0.0
99233,0.0
Daniel Middleton,0.0
813be272-d3de-43c9-90be-ab14231fcf17,0.0
Ã¢Â€ÂœSay,0.0
Stacey Ortiz,0.0
Scott Simpson,0.0
Loretta Harrington,0.0
203,0.0
99661834,0.0
9838,0.0
848165,0.0
612,0.0
379284134,0.0
55394387,0.0
Boston,0.0
Matthew Pennington,0.0
vesselÃ¢Â€Â™s,0.0
waterÃ¢Â€Â™s,0.0
950ce1a6-a178-4e3e-9316-91ab7ca88664,0.0
Hannah Brown,0.0
Bobby Walker,0.0
221942,0.0
0d1c7ce3-7243-47c0-9280-a3262b52dc0f,0.0
634ac4e7-12af-494f-95f5-cd853363525f,0.0
945632766,0.0
HMS Montrose,0.0
80737369,0.0
Montrose,0.0
112156579,0.0
64338295,0.0
81,0.0
73921,0.0
Khundu Ltd. Liability Co,0.0
327277616,0.0
637608,0.0
Benjamin Barton,0.0
5337,0.0
6980,0.0
f85f009e-0fa0-403a-845e-64198883bf34,0.0
4562fe84-0188-47fd-8e27-67380da0079c,0.0
Stephanie Brown,0.0
33118036,0.0
88813246,0.0
5383294,0.0
9238420,0.0
70109,0.0
underwater,0.0
waterÃ¢,0.0
Mrs. Katrina Williams,0.0
73166320,0.0
dbb07e32-a8f4-47d0-ae61-c2e9774e9284,0.0
13249468,0.0
Aine,0.0
Anthony Gomez,0.0
Debbie Kelley,0.0
Eric Hanson,0.0
Joshua Haynes,0.0
682313,0.0
300,0.0
Krystal Foster,0.0
Roger Smith,0.0
37992687,0.0
nationalfisherman,0.0
intrafish,0.0
303934,0.0
choicesmagazine,0.0
58877070,0.0
usa,0.0
oceana,0.0
Blake Smith,0.0
42990314,0.0
1338687,0.0
507684,0.0
ams.usda,0.0
1765605,0.0
Ã¢Â€ÂœinitiallyÃ¢,0.0
SIMPComplianceGuide,0.0
Cutters,0.0
Ã¢Â€ÂœpoachedÃ¢,0.0
Stacy Castillo,0.0
34757443,0.0
Matthew Mack,0.0
David Wilson,0.0
f205ff1a-8798-48b7-b535-ad87b9756220,0.0
1a2ebb93-1c85-4f40-abb1-cff639788678,0.0
Ã¢Â€ÂœAccept AllÃ¢,0.0
krxd,0.0
Zachary Blackburn,0.0
operated vehicle,0.0
James Berry,0.0
Robert Goodman,0.0
Snow Crab,0.0
Mary Durham,0.0
Anna Kelly,0.0
Clifford Sherman,0.0
Carol Wade,0.0
1576352,0.0
59600,0.0
Greenwich,0.0
HMS Medway,0.0
1dfb2440-85dc-4f0c-914f-e18498e6cd1b,0.0
Makayla Anderson,0.0
92a375a3-0c31-494e-9a56-eeabe3750d90,0.0
Kevin Moreno,0.0
34285153,0.0
TalleyÃ¢Â€Â™s,0.0
Brittany Ryan,0.0
Dana Knapp,0.0
Jeanette Kim,0.0
95743666,0.0
86117,0.0
94361818,0.0
40974,0.0
Diao yu bi sai Tidal BV Export,0.0
Patricia Flores,0.0
74505,0.0
Joshua Roberts,0.0
Denise Moore,0.0
Ã¢Â€ÂœseamountÃ¢,0.0
Lisa Castaneda,0.0
Christina Abbott,0.0
4657860,0.0
519443204,0.0
3394552,0.0
618,0.0
Brittany Kane,0.0
MarsÃ¢,0.0
bd16ff21-2da0-4ad7-8aec-d04a28b61277,0.0
past yearÃ¢Â€Â™s,0.0
whales,0.0
Michelle Campbell,0.0
39995740,0.0
Lauren Garner,0.0
Zachary Mclean,0.0
Anthony Mendez,0.0
806,0.0
Hubble,0.0
event,0.0
Launch LoversÃ¢,0.0
cd2685a2-fce5-49ee-8ca7-b9faa081d190,0.0
LC,0.0
Spaceflight,0.0
e95a9547-3611-4e86-adbe-9aa55dbff21f,0.0
6107715,0.0
2610,0.0
HawkEye,0.0
Jordan Mcbride,0.0
7575,0.0
d5cbeea1-73ac-4d86-adeb-b609629b12bf,0.0
416dab02-bf67-48af-a99b-c691339dc5e0,0.0
25a765f4-b6d0-4588-9a7a-0798de847cfd,0.0
0a715a76-de97-4cc3-80a3-4dcbfa740079,0.0
Madhya Pradesh Market Pic Transportation,0.0
Manned,0.0
Aerial,0.0
34731154,0.0
970786,0.0
Christian Ashley,0.0
8967466,0.0
Benjamin Snyder,0.0
b3de0895-285e-4ea8-99bb-ffdc763f7038,0.0
a8330af0-375f-4fcb-9171-9628b26b1808,0.0
3308429,0.0
Adam Cook,0.0
Wendy Miller,0.0
Abrams MIA2,0.0
abb62f7c-234a-46d7-b3bb-8f7b4771618c,0.0
Tank,0.0
Kelly James,0.0
MBTs,0.0
418382,0.0
16927047,0.0
6471708,0.0
520673,0.0
1252007,0.0
6c348030-e9d4-4ddc-8ec8-30ac227c6a14,0.0
565431,0.0
Lisa Rocha,0.0
Danielle Sosa,0.0
James Carr,0.0
Daniel Burton,0.0
Jerry Miller,0.0
15758645,0.0
Dakota Flores,0.0
204,0.0
US Special Operations SOF,0.0
7490484,0.0
Kari Padilla,0.0
Angela Navarro,0.0
Ã¢Â€Âœaccelerate,0.0
327979,0.0
414,0.0
28422,0.0
428949,0.0
838200939,0.0
Ã¢Â€ÂœbossesÃ¢,0.0
Levi Jones,0.0
Adriana Rhodes,0.0
Kevin Moore,0.0
Debra Davis,0.0
Jennifer Washington,0.0
Peter Bush,0.0
61,0.0
908,0.0
2278,0.0
3731,0.0
Sabrina Merritt,0.0
Justin Fowler,0.0
120,0.0
2422788,0.0
MCDP,0.0
c97073d1-61a4-4a06-a189-8b4642a699e1,0.0
66,0.0
65872b93-db53-4445-a72e-8f84b3d7edfc,0.0
todayÃ¢Â€Â™s,0.0
268393514,0.0
55242,0.0
637,0.0
Maria Horton,0.0
Maurice Figueroa,0.0
Ships,0.0
9697,0.0
620019,0.0
45361487,0.0
408603,0.0
Vehicle Land,0.0
Heather King,0.0
Billy Robinson,0.0
Austin Miller,0.0
369,0.0
6204,0.0
96c31987-d50d-4680-9397-2a9d0e3946e1,0.0
sailboat Freeport,0.0
c0ea9f29-9987-490f-bc96-d2a5718c1636,0.0
949,0.0
Perch,0.0
576618,0.0
82357,0.0
Ariel Thornton,0.0
driftnets,0.0
500633954,0.0
62343,0.0
688224,0.0
George Vance,0.0
Jason Fleming,0.0
Ã¢Â€ÂœdimersalÃ¢,0.0
c600d751-cc48-4e8e-800e-63ec87a4239f,0.0
Cynthia Huff,0.0
Angela Lee,0.0
78ec7fd4-82e0-4725-815d-50be0ccee955,0.0
CraftÃ¢Â€Â“Law,0.0
Ocean Patrol,0.0
ARA Bouchard,0.0
Richard Douglas,0.0
Patricia Reyes,0.0
Kristin Dawson,0.0
Ã¢Â€Â˜AwachaÃ¢,0.0
Brandon Hughes,0.0
Ã¢Â€ÂœSaikoÃ¢,0.0
Bethany Lopez,0.0
electric,0.0
wheeler,0.0
570683,0.0
4532329,0.0
98631,0.0
2658,0.0
5698,0.0
3342,0.0
354,0.0
945,0.0
Months,0.0
Tamil Nadu Ltd. Liability Co Express,0.0
Ã¢Â€ÂœElquiÃ¢,0.0
738338ba-deef-4364-bedf-707a8cbf9a55,0.0
Monica Ramirez,0.0
280094,0.0
40676,0.0
Tracie Price,0.0
David Limited Liability Company,0.0
1998,0.0
669,0.0
Elizabeth Anderson,0.0
903574229,0.0
Kenneth Cain,0.0
Carla Perkins,0.0
Lindsey Conway,0.0
95064,0.0
Ryan Perez,0.0
dd3f2822-2964-4d18-92c2-7a6db4b4a9e5,0.0
6567453,0.0
47261702,0.0
730397695,0.0
4086,0.0
Wartsila,0.0
373a8a11-c7a0-4e9b-8397-9d824974259a,0.0
a0ea93dc-6767-4682-b424-21b5a24ea24b,0.0
bulker,0.0
Kariba Dam  Corporation Nautical,0.0
Benton Ltd. Liability Co,0.0
ninety,0.0
822596165,0.0
5421,0.0
Pez Dorado BV Logistics,0.0
019d89a8-36be-4402-bf3c-d13cb982cf3f,0.0
6f59e8d7-8f5d-4a7d-a3a4-50ddcb7ad9ad,0.0
Traci Shields,0.0
Daniel Henderson,0.0
Joseph Smith,0.0
Dr. Gregory Rice,0.0
Breanna Welch DDS,0.0
Jared Martinez,0.0
Darin Torres,0.0
Tracy Rogers,0.0
Kevin Morris,0.0
The Salty Pearl River S.p.A. Export,0.0
3051e013-9e40-44cc-98e5-740e3238daaa,0.0
9237588,0.0
cdc89aad-5d8c-48bf-b155-81d2a932782b,0.0
William Murray,0.0
af9758b0-e4f9-4e08-8dd9-09abc903e4b5,0.0
4183208,0.0
Punjab Market Marine sanctuary ship,0.0
Robert Edwards,0.0
322202416,0.0
5025f249-0b3c-4741-a7aa-090d93395acf,0.0
969368807,0.0
80276549,0.0
89,0.0
35282,0.0
813,0.0
62,0.0
44326992,0.0
1416a29d-3719-45d6-95a8-782c4e281908,0.0
Hunt,0.0
0efa50f3-533d-4775-94fa-54cd1c480587,0.0
fd6c1e03-d6f4-421e-a493-cdc56ae000b5,0.0
869422192,0.0
542341,0.0
93252,0.0
4627,0.0
1719,0.0
Jennifer Parsons,0.0
8876768,0.0
444,0.0
Denise Vance,0.0
Zachary Perez,0.0
Craig Santiago,0.0
6460,0.0
64778548,0.0
493641959,0.0
8980454,0.0
Jessica Costa,0.0
Erica Hamilton,0.0
Sandra Martinez,0.0
Austin Welch,0.0
6659,0.0
464454263,0.0
Shipping Corp,0.0
534,0.0
4942,0.0
884332,0.0
982519647,0.0
1354,0.0
923825740,0.0
5865,0.0
Malawi Rift  Holdings Navigation,0.0
Baha de Coral OJSC Marine,0.0
Navigation Corp,0.0
Triton Navigation Corp,0.0
Pontus Navigation Corp,0.0
John Jensen,0.0
Michael Frederick,0.0
401289940,0.0
54726,0.0
52193,0.0
Laura Joseph,0.0
697844686,0.0
1555,0.0
3669166,0.0
483398,0.0
111274e2-c155-4640-9a8e-f506f3fbca06,0.0
7657424,0.0
2234557,0.0
7125,0.0
Jorge Davidson,0.0
Ruben Fowler,0.0
John Riley,0.0
256659459,0.0
2357762,0.0
Andrew Graves,0.0
Mathew Taylor,0.0
aac2c35c-d06d-45df-a1f8-a0c4001f3897,0.0
Ã¢Â€ÂœHSIÃ¢,0.0
Ã¢Â€ÂœNYPDÃ¢,0.0
Daniel Obrien,0.0
Jeffrey Hall,0.0
Ã¢Â€Âœbe,0.0
8bdf21e8-914b-4fe2-9280-0a69b9b0175d,0.0
18 wheelers,0.0
Michael Vazquez,0.0
Sara Fleming,0.0
1625166,0.0
a325b223-5017-42a8-8eb1-ed7e1a3bbd5b,0.0
49101570,0.0
Robert Garcia,0.0
6b19fec0-f5d4-4d31-b461-fef270debb3e,0.0
Brett Lopez,0.0
42978392,0.0
62d39460-2980-4835-91ea-47073f724d3b,0.0
74390fc5-8dc6-4511-a0a8-bc360409b805,0.0
Heather Porter,0.0
Kevin Liu,0.0
Katrina Nguyen,0.0
0fab17df-2c08-46b6-8ce9-b13b3a60ff3d,0.0
James Horton,0.0
Brian Hansen,0.0
Rajasthan GmbH & Co. KG,0.0
858,0.0
Rebecca Caldwell,0.0
Alyssa Gonzalez,0.0
Michelle Jackson,0.0
27d0dfe7-186c-4016-8f47-40c71e30f48a,0.0
871,0.0
James Scott,0.0
Krista Harris,0.0
Ã¢Â€Âœeverything,0.0
76030,0.0
William Gray,0.0
containers,0.0
9098,0.0
Michael Reed,0.0
17592,0.0
5d1f2e9c-f74a-41e9-974f-9b4e57edc9d7,0.0
Katherine Chavez,0.0
Nutica del Sol AG,0.0
Stephen Marks,0.0
8b8c532f-0ca0-44cc-898c-1d776f2f457a,0.0
James Stewart,0.0
1968776,0.0
288971672,0.0
Anthony Larson,0.0
845,0.0
382825160,0.0
Laura Hughes,0.0
Amanda Dean,0.0
Debra Hall,0.0
Kelsey Tucker,0.0
460859346,0.0
2793,0.0
Martin Bell,0.0
Michelle Long,0.0
Ã¢Â€ÂœlaughableÃ¢,0.0
8325,0.0
437212,0.0
299,0.0
Jennifer Barber,0.0
Ryan Hudson,0.0
James Calhoun,0.0
Harold Strickland,0.0
John Hall,0.0
Christine Maxwell,0.0
Ashley Lewis,0.0
Sandra Bullock,0.0
82f2f404-439a-4b2e-b423-726a7f933abf,0.0
298930,0.0
Mark Garcia,0.0
f59ca3ce-7fea-4a6b-893b-486565a8ab18,0.0
Ã¢Â€ÂœtoppyÃ¢,0.0
Ã¢Â€ÂœstagÃ¢,0.0
Samuel Dunn,0.0
John Avila,0.0
2362,0.0
William Palmer,0.0
7311cf88-bac1-4ac9-a0d2-c55c02497944,0.0
9979944,0.0
4396031,0.0
Simien Mountains  Company Delivery,0.0
519852438,0.0
Ã¢Â€ÂœlegitimateÃ¢,0.0
William Kim,0.0
Jeffrey Strong,0.0
Susan Williams,0.0
Margaret Miller,0.0
Angela Chang,0.0
Daniel Chang,0.0
Victoria Gonzalez,0.0
Jennifer Johnson,0.0
Jeffrey Mills,0.0
Jason Brown,0.0
Jeff Sullivan,0.0
6828,0.0
Mr. Eric Logan,0.0
William Phillips,0.0
Heather Holmes,0.0
Elizabeth Jones,0.0
Christian Quinn,0.0
Ã¢Â€ÂœHis,0.0
432526990,0.0
Kathryn Gomez,0.0
Stephanie Wiley,0.0
Lisa Ward,0.0
William Fernandez,0.0
Ryan Lewis,0.0
Christina Chavez,0.0
Jessica Figueroa DDS,0.0
Rebecca Taylor,0.0
463,0.0
762,0.0
Ã¢Â€Âœbelieve,0.0
Dr. Daniel Massey,0.0
Ã¢Â€ÂœWhatÃ¢Â€Â™s,0.0
Brooke Hamilton,0.0
Mrs. Katherine Clark,0.0
Kathleen Benitez,0.0
EasterlingsÃ¢,0.0
Seth Peters,0.0
Kevin Butler,0.0
8851578d-3dd7-4430-8f73-b95305eb1f03,0.0
82379,0.0
Daniel Pruitt,0.0
bc583d11-794a-4a83-abc8-3daa208e1262,0.0
Andrew Torres,0.0
8634589,0.0
7260903,0.0
a2ac0390-407f-4a94-bc19-6d58d36ea69a,0.0
su y CJSC Canal,0.0
9b5a90cf-e801-46a8-bd50-879ab3862c67,0.0
6548672,0.0
Cheryl Conway,0.0
3896,0.0
76b8e150-91b4-494d-8ef6-6af706b397eb,0.0
Lauren Smith,0.0
Darrell Lopez,0.0
James Valencia,0.0
798,0.0
cc3c9a3e-9226-43e0-9c2e-2cabec77b0fc,0.0
Barry Harris,0.0
Philip Murphy,0.0
April Perry,0.0
245484,0.0
61679,0.0
1983793,0.0
73db3de8-b968-40da-875c-7e57c678aa36,0.0
800578,0.0
254340176,0.0
AttorneysÃ¢,0.0
4332001,0.0
9345,0.0
Eric Rogers,0.0
402,0.0
Jon White,0.0
Emily Kennedy,0.0
b1a0ee2a-0e6d-48c2-b639-032e4648fa5c,0.0
Sean Wilson,0.0
Kevin Burnett,0.0
218148,0.0
Rebecca Walker,0.0
decfc924-5bdc-4fba-8bbd-bb57d8d478d9,0.0
Amanda Scott,0.0
22 Raptor,0.0
Estrella del Mar Inc Merchants,0.0
Gerald Washington,0.0
Jessica Kelly,0.0
60017,0.0
Annette Barrett,0.0
Ã¢Â€Âœknow,0.0
0c0ae060-2543-4d7e-bed0-e7fab24ba6a5,0.0
Olivia Garner,0.0
Scott Johnson,0.0
Melissa Bates,0.0
Carlos Rose,0.0
a03df7da-c2cf-476d-a6ea-95c422969df2,0.0
Amber Green,0.0
Rodney Compton,0.0
381051499,0.0
110727,0.0
su y Worldwide Shark,0.0
4205,0.0
Mary Clements,0.0
789040,0.0
16306,0.0
Sylvia Johnson,0.0
Charles Fitzgerald,0.0
6eda4eb1-cdb8-4d61-8c72-fae33deb91a7,0.0
Covid,0.0
5fddadd0-71e7-4bdf-a471-daddd5f376b8,0.0
7ed038cd-64da-492f-a338-5c4636b91a2b,0.0
80774,0.0
4b0f0611-34ce-4733-81af-391943e272c0,0.0
Seth Kelley,0.0
Ã¢Â€ÂœFrontlineÃ¢,0.0
71084,0.0
Wanda Collins,0.0
Miguel Harrison,0.0
Ã¢Â€ÂÃ¢Â€Â¯The,0.0
24e1e725-9a8e-489c-bbdd-0ce140fd6e3b,0.0
Zachary Sellers,0.0
357987c8-3ecb-4e38-9f10-857007f2cd3b,0.0
8350379,0.0
Keith Compton,0.0
04943c53-b4ac-4048-8d86-bced4138d7c6,0.0
59022,0.0
1039,0.0
Tyler Anderson,0.0
32,0.0
6242224,0.0
88295922,0.0
7830,0.0
e42f2b19-60d8-4df2-bb01-d2b42d134a26,0.0
Paul Johnson,0.0
6d0e9c69-47a0-497e-b26e-28755c949385,0.0
54055,0.0
Brett Blair,0.0
b840c9bf-2a5b-416c-91d9-1ecdd96425ab,0.0
4eddaaa4-6306-467e-a7f4-27a58559e535,0.0
ea6a6547-c93b-4f17-b037-200fa894289c,0.0
57c81b3c-882b-4824-91a0-7114be0fa5c7,0.0
SurvivorsÃ¢,0.0
Task Force,0.0
8541598,0.0
828063,0.0
5362,0.0
Dr. Christina Jensen DDS,0.0
d025bbec-393d-4f51-94b3-01b77280ef31,0.0
5276019,0.0
5e6b70db-a04a-4440-8991-3a92b5c4ac4d,0.0
Tshikele Ltd. Liability Co,0.0
df76b4cf-1019-4768-93cd-27122ef3bacc,0.0
111856,0.0
88b35c10-45ae-4ded-ae4a-6cad038cfd91,0.0
553828215,0.0
663,0.0
Lindsey Barr,0.0
FilkinsÃ¢,0.0
90be60b1-61d8-4115-b133-e4c8e09383eb,0.0
81211950,0.0
52134252,0.0
679399,0.0
3436524,0.0
67716449,0.0
e2844e89-d2d8-428d-8284-a0f2d9450a14,0.0
4406,0.0
ed114149-9468-41b4-adda-343883e79e04,0.0
7682,0.0
d6dbac2d-ba76-4503-be09-e0444b936bd0,0.0
43223,0.0
765078,0.0
172279392,0.0
Diane Hughes,0.0
7f3d323d-54e3-49f8-9c28-7aa5cb4c7248,0.0
Jason Hughes,0.0
858773,0.0
Amanda Rogers,0.0
4852,0.0
electric cars,0.0
past years,0.0
33,0.0
14f1538d-29ed-43f4-ac8f-7a6ce01b9c00,0.0
2e579f6f-eca3-498d-a523-b1da1e85a5cf,0.0
06c85abe-f160-4a9f-bfb2-d58099a6be80,0.0
GoliathÃ¢,0.0
Joseph Hawkins,0.0
b8649055-5b40-43e1-ba33-93182cf978d4,0.0
Linda Jones,0.0
estÃƒ,0.0
maÃƒÂ±ana asÃƒ,0.0
Caleb Webster,0.0
739622,0.0
7675191,0.0
4356,0.0
weeks 55,0.0
Meghan Johnson,0.0
Cody Baird,0.0
Mark Norton,0.0
Michael Johnson,0.0
233,0.0
Dutch Herring Inc Transportation,0.0
8453714,0.0
60-day,0.0
29167335,0.0
73,0.0
b5856109-c5a0-43a6-8c70-ebfe73cc24f1,0.0
092836e4-7218-4d3d-85da-9df420356be7,0.0
3590dd7e-a6cd-416d-9b42-68f692ad83ee,0.0
Luis Jones,0.0
17232,0.0
6070651,0.0
c01c6a10-60c9-4f11-9409-aa04c3963826,0.0
156,0.0
1eb512b7-c4ce-4b7e-9965-2236bf1afc9e,0.0
Timothy Benjamin,0.0
51,0.0
Anna Ortiz,0.0
f810c631-9f7d-4219-ade0-b44c4c9abf62,0.0
William Rivera,0.0
Liibaan General Trading Co,0.0
Christopher Garrett,0.0
206e3508-bbef-4473-906a-88e3f17c57ae,0.0
db83c37f-86e4-4694-a81c-ede2a01aef71,0.0
Matthew Fletcher,0.0
Daniel Mcclain,0.0
962534403,0.0
Michele Taylor,0.0
Michael Andrews,0.0
Lisa Gomez,0.0
431,0.0
Brenda Andrews,0.0
ee077c79-cc7b-4ac7-8c0b-d48f50538f61,0.0
Mark Hernandez PhD,0.0
RPG,0.0
Sarah Garcia,0.0
Jessica James,0.0
26794528-86a5-4b5e-802f-50c3f226c66b,0.0
5700,0.0
93380783,0.0
3129,0.0
Jesse Thompson,0.0
1bf22b98-519c-4131-8bb4-53ecdd193100,0.0
8503254,0.0
c18d0197-c30e-421f-bae3-2f8fa1e9159a,0.0
Evelyn Pacheco,0.0
Brianna Gregory,0.0
914,0.0
Brooke Collins,0.0
Refugee BenefitsÃ¢,0.0
Lori Weeks,0.0
518323906,0.0
Karen Burns,0.0
Randall Newman,0.0
f656719b-783e-452b-801f-f60895068b23,0.0
Scott Edwards,0.0
Ã¢Â€ÂœPerlaÃ¢,0.0
Ã¢Â€ÂœEmanuelÃ¢Â€ÂÃ¢Â€Â“if,0.0
Gina Armstrong DDS,0.0
Ã¢Â€ÂœRestrainÃ¢,0.0
Walter Graham,0.0
Ryan Jones,0.0
Gabrielle Wade,0.0
Patrick Cannon,0.0
Jeanne Mills,0.0
Ã¢Â€ÂœExploitationÃ¢,0.0
Austin Simpson,0.0
Sarah Hays,0.0
Richard Fleming,0.0
Melissa Gomez,0.0
Daniel Frank,0.0
5890393d-3bb2-4f08-a460-4aa025e28de0,0.0
b1d6e468-f3c5-45f3-90a2-e76b2f329b2d,0.0
Feb,0.0
164,0.0
Ã¢Â€Âœdirect,0.0
Ã¢Â€Â˜directlyÃ¢,0.0
Ã¢Â€Âœcriminally,0.0
Terry Mcknight,0.0
David Nielsen,0.0
John Obrien,0.0
Michael Hansen,0.0
Grace Perez,0.0
Travis Rivera,0.0
Larry Morrow,0.0
Tammy Martin,0.0
773,0.0
wgbh,0.0
436460757,0.0
93865,0.0
brianbushard,0.0
siladityaray,0.0
82517,0.0
Robert Shaffer,0.0
Jim Sims,0.0
Laura Patterson,0.0
Ã¢Â€Â˜PerlaÃ¢,0.0
Gary Palmer,0.0
7674777,0.0
Jeremy Woodard,0.0
8302,0.0
45620,0.0
Jammu & Kashmir ship,0.0
6352,0.0
Paul Wiley,0.0
Miranda Long,0.0
Michelle Kelley,0.0
Marvin Everett,0.0
Matthew Sutton,0.0
912077,0.0
Brandon Thomas,0.0
MexicoÃ¢Â€Â™Ã¢,0.0
Joseph Williams,0.0
176,0.0
Scott Anderson,0.0
Danielle Jensen,0.0
Brian Brown,0.0
Ã¢Â€Â˜enticedÃ¢,0.0
8814,0.0
139,0.0
25851337,0.0
36506,0.0
150486480,0.0
90831,0.0
66820,0.0
Kristen Martin,0.0
da71710a-9b0e-41d8-a9f6-a0b93f1ab772,0.0
ÃÂ°Ã‘,0.0
ÃÅ“ÃÂ° ÃÂ±ÃÅ¸Ã‘Â†Ã‘,0.0
ÃÂ£ÃÂºÃ‘Â€ÃÂ°Ã‘Â—ÃÅ“ÃÅ¾,0.0
Janet Floyd,0.0
Richard Anderson,0.0
Ã¢Â€ÂœCompromiseÃ¢,0.0
Ã¢Â€Â˜PartnersÃ¢,0.0
413760,0.0
94047,0.0
49525439,0.0
Angela Hernandez,0.0
Randy Logan,0.0
Elizabeth Martin,0.0
Ã¢Â€ÂœtheoriginaldragoncoveÃ¢,0.0
Aaron Bennett,0.0
Kathleen Rowe,0.0
Patrick Torres,0.0
Scott Jones,0.0
5fd0447e-d890-4f62-a411-5fc17c47b969,0.0
Scott Villa,0.0
Connor Ray,0.0
23837996,0.0
82207154,0.0
Brandon Calderon,0.0
740111283,0.0
3657479,0.0
2810009,0.0
129461,0.0
Congo Rapids  Marine sanctuary GmbH & Co. KG Marine sanctuary,0.0
Ã¢Â€ÂœoriginaldragoncoveÃ¢,0.0
The DefendantsÃ¢,0.0
86ac9e66-f9e8-4f2b-ad17-39a52c23288c,0.0
7443,0.0
5609469a-5721-4c94-92ed-ce7770055960,0.0
775841,0.0
Tiffany Stephens,0.0
Veronica Lowe,0.0
Ã¢Â€ÂœNinoÃ¢,0.0
803490608,0.0
f4e17264-3b3c-48a6-86ba-d65622dc2f13,0.0
Brent Young,0.0
9550,0.0
Sierra Henderson,0.0
Roger Jordan,0.0
Matthew Everett,0.0
Richard Adams,0.0
Angel Burnett,0.0
Jose Smith,0.0
Emily Norton,0.0
6ffd3349-37f4-48c5-bc9a-1b80e722e939,0.0
2745,0.0
a7479eba-319a-434f-be06-3b1c0cc928ae,0.0
trucking,0.0
f383ad5f-7949-495e-8427-556b64decaca,0.0
Michelle Aguilar,0.0
Danish Lobster Limited Liability Company Brothers,0.0
John Hernandez,0.0
TexasÃ¢,0.0
Remarkable,0.0
46901627,0.0
46319064,0.0
PÃƒ,0.0
82651,0.0
2ec12718-97bf-45a6-aff5-2d1b9b11d29a,0.0
Ã¢Â€ÂœcommissionÃ¢,0.0
Samantha Jackson,0.0
Chelsey Woodard,0.0
Nichole West,0.0
Michael Alvarez,0.0
Brian Marsh,0.0
Timothy Hampton,0.0
5007554,0.0
72630,0.0
9411155,0.0
Richard Smith,0.0
Jennifer Rivera,0.0
2912063,0.0
Elizabeth Shah,0.0
Gregory Williams,0.0
William Daniel,0.0
Terry Conley,0.0
Jeremy Jarvis,0.0
Ashley Johnson,0.0
Greek Sea Bream and Son's,0.0
558,0.0
Shane Hahn,0.0
Ã¢Â€ÂœundeniableÃ¢,0.0
Ã¢Â€Âœrequested,0.0
Jeffrey Reed,0.0
55674,0.0
Ã¢Â€ÂœinconsistenciesÃ¢,0.0
Timothy Austin,0.0
17353795,0.0
540613204,0.0
Matthew Flores,0.0
Ã¢Â€ÂœadjustingÃ¢,0.0
Tammy Garcia,0.0
Jamie Robinson,0.0
352,0.0
James Knight,0.0
662290,0.0
In month,0.0
Lachlan Enterprises Coral Reef,0.0
Ã¢Â€ÂœDesbloqueio pÃƒ,0.0
Brian Dennis,0.0
Frederick Kent,0.0
Candice Brown,0.0
Ã¢Â€ÂœKikoÃ¢,0.0
309535101,0.0
Nicholas Nguyen,0.0
Vincent Cummings,0.0
Tiffany Leonard,0.0
tio MPFÃ¢Â€Â™s Special Action Group Combat Organized Crime,0.0
51354617,0.0
109071721,0.0
869882172,0.0
296837,0.0
Laura Williams,0.0
Sean George,0.0
ExportaÃƒ,0.0
ParÃƒÂ¡Ã¢Â€Â™s,0.0
Douglas Gordon,0.0
James Thomas,0.0
Kristi Miller,0.0
Ã¢Â€ÂœillegalÃ¢,0.0
Gambia River  GmbH & Co. KG and,0.0
400,0.0
2430986,0.0
996592,0.0
92533,0.0
Olas del Sur Inc,0.0
5508215,0.0
327572963,0.0
438,0.0
HardwoodsÃ¢,0.0
John Brown,0.0
SeaSelect Foods Corp Dry dock,0.0
Michael Flores,0.0
Thomas Ramsey,0.0
MeridaÃ¢Â€Â™Ã¢,0.0
meridaÃ¢,0.0
8251198,0.0
7914,0.0
Deborah Bell,0.0
Jonathan Coleman,0.0
Luis Rogers,0.0
Ã¢Â€ÂœBanderaÃ¢,0.0
Ã¢Â€ÂœPadre,0.0
8269,0.0
Vanessa Chandler,0.0
64545,0.0
151159036,0.0
3383,0.0
MenardsÃ¢,0.0
Jason Garcia,0.0
Melissa Gonzalez,0.0
Pregolya Delivery Cruise ship,0.0
Ã‚Â£103,0.0
Ã‚Â£10,0.0
f64e747e-13de-4628-b939-92a8ff4eb03f,0.0
Rachel Arnold,0.0
Ã¢Â€ÂœtigerÃ¢,0.0
Sharon Williams,0.0
Donald Thomas,0.0
Rebecca Anderson,0.0
3328058,0.0
Julie Callahan,0.0
Nathan Murray,0.0
Thomas Johnson,0.0
176729,0.0
958644,0.0
Jonathan Moody,0.0
Kaitlyn Walsh,0.0
Alison Nash,0.0
Miranda Smith,0.0
Ã¢Â€ÂœminingÃ¢,0.0
Jennifer Wilson MD,0.0
6338,0.0
0d6a2f35-fccd-4cbf-865e-3ed08abb6a95,0.0
c40a73e5-c1dd-4b85-ac1c-2e6a51546aa7,0.0
3641,0.0
200,0.0
Nicholas Torres,0.0
75360,0.0
7a58f899-3e43-4b94-a64b-d5ab31a6055b,0.0
76104890,0.0
68ac10aa-80a3-4b3c-99e5-f5708715ab2c,0.0
Christopher Benitez,0.0
Ã¢Â€Â˜This,0.0
Ã¢Â€Â˜So,0.0
PitÃ¢,0.0
John Martin,0.0
Christopher Fields,0.0
David Romero,0.0
a691bc0a-cfdc-4b2a-a38e-efcd2799ecd1,0.0
28138,0.0
Ã¢Â€Âœsnitch,0.0
3868221,0.0
79521144,0.0
Eugene Martin,0.0
Emma Jones,0.0
Ã¢Â€ÂœbrokerÃ¢,0.0
Cassandra Stanley,0.0
198,0.0
9768,0.0
Tyler Jones,0.0
motor,0.0
11353,0.0
353257,0.0
31368,0.0
Colton Olson,0.0
Tamara Tyler,0.0
Henry Lambert,0.0
Elizabeth Armstrong,0.0
Melissa Brock,0.0
51470600,0.0
719,0.0
Sudd Swamp  Wave AS Freight ,0.0
74026296,0.0
374585759,0.0
59662085,0.0
7423,0.0
68273,0.0
649,0.0
Donna Green,0.0
Dean Reyes,0.0
96049794,0.0
truck,0.0
d6d0741c-39d9-4b94-8b39-b5d2ad1669b9,0.0
291669,0.0
Thomas Watkins,0.0
Ancla del Mar Kga,0.0
Joshua Park,0.0
Sergio Ross,0.0
PlattsÃ¢,0.0
Patricia Hunter,0.0
Deepwater Horizon,0.0
455617,0.0
Dale Chandler,0.0
Marvin Evans,0.0
Jack Bell,0.0
83241316,0.0
940161722,0.0
148766,0.0
567857349,0.0
836,0.0
507470,0.0
12358151,0.0
8127,0.0
18668050,0.0
39033859,0.0
62532,0.0
649009867,0.0
43454,0.0
Carmen Mendez,0.0
a51f21a5-b410-4000-ada4-086bd2e65cb6,0.0
359755772,0.0
7577,0.0
dffd75ca-7510-403d-a6a0-f904b0c7b41d,0.0
61208e37-a326-4cf5-a571-f8bdd6f2dbf7,0.0
30 days,0.0
9ce492a2-de6e-4231-a018-318fc929908b,0.0
ffb63251-ebdc-4346-b3a4-ef1515310806,0.0
675d95eb-69b7-4f8a-bd4e-af2cf4def162,0.0
54056,0.0
Ã¢Â€ÂœDuare RationÃ¢,0.0
Robert Rodriguez,0.0
Leslie Williams,0.0
da243ebe-ea98-4510-a6a8-add6679f9d1a,0.0
Bulk Carrier,0.0
b400d237-4d56-4de8-917a-8e7654ccf315,0.0
18404231,0.0
2eeca6e0-f5a7-4b9d-8b3e-ada56d140e36,0.0
Jose Parker,0.0
4711730,0.0
cd7cb49f-0021-4fe9-a3a9-cc8b3fce0c57,0.0
959344,0.0
James Limited Liability Company Logistics,0.0
951187691,0.0
Andrew Harrison,0.0
18403617,0.0
365,0.0
404,0.0
569767ed-015f-4cb9-a316-2db45fbf6cf3,0.0
9a3fecdc-0696-4b53-979c-8ac021f24910,0.0
899ccad6-2380-4e2c-aa57-d7f487964993,0.0
Eddie Alexander,0.0
David Schwartz,0.0
33560,0.0
David Santiago,0.0
FridayÃ¢Â€Â™s,0.0
Hannah Little,0.0
92616021,0.0
Scott Dougherty,0.0
Juan Mckinney,0.0
0223707c-6754-4419-acb2-510377eadd60,0.0
d37a5a00-fca1-4753-890c-6975c311dc3f,0.0
Michelle Herring,0.0
011ad1ae-ae1b-4c74-9f58-c020e6a3e836,0.0
Bryan King,0.0
6083f325-5f17-4d41-9c22-f188f55ea9f3,0.0
c2478e4c-2a8c-4d34-a5d5-fd46c66b5e67,0.0
Daniel Vasquez,0.0
Kevin Daniel,0.0
Lucas Williamson,0.0
Daniel Butler,0.0
2330,0.0
386,0.0
d09a6a69-eed5-4057-9f96-dcf4c9cf4d88,0.0
Lisa Lewis,0.0
3882e922-25e9-446d-8e04-97e8875fceb2,0.0
ba790a77-b0f3-4c1f-8d42-3d2bddbc1893,0.0
878521,0.0
Robert Chang,0.0
Manuel Hess,0.0
Brandon Stone,0.0
Seth Benjamin,0.0
Tom Bauer,0.0
Leslie Wood,0.0
Donna Davis,0.0
7810241,0.0
34487,0.0
83951569,0.0
4524860,0.0
three-hour,0.0
59409,0.0
Amanda Jenkins,0.0
Motor Vessel,0.0
24996,0.0
90411963,0.0
114d2882-b620-4098-bb56-d865bbb85339,0.0
Christopher Moore,0.0
Sarah Williams,0.0
Kenworth 18-wheeler,0.0
Ã¢Â€ÂœsatisfactoryÃ¢,0.0
25777,0.0
825,0.0
63548588,0.0
69007292,0.0
David Seabed Inc Consulting,0.0
28890617,0.0
492220197,0.0
662bfccd-798d-4e60-b308-2cb2918e3dd2,0.0
14636,0.0
Maria Jackson,0.0
Deborah Carson,0.0
d0842009-cbf1-4df2-adfa-121a82160a05,0.0
3105981,0.0
449856a6-3b60-46ca-b825-f9499558fa3a,0.0
16778128-07fa-46dd-b229-b0c2e2233602,0.0
Elizabeth Mccarty,0.0
Gregory Bowers,0.0
Nicole Marshall,0.0
207618139,0.0
Gina Knox,0.0
3874,0.0
Tonya Frazier,0.0
80,0.0
Charles Duke,0.0
Dennis Payne,0.0
Ashley Boyer,0.0
Darin Taylor,0.0
Larry Cisneros,0.0
Teresa Hansen,0.0
Ethan Walsh,0.0
Michael Evans,0.0
Alexandra Jackson,0.0
Lauren Sanchez,0.0
Crystal Hunter,0.0
Christopher Berry,0.0
James Patterson,0.0
Jon Johnson,0.0
Andrea White,0.0
Emily Smith,0.0
Megan Gonzales,0.0
Kenneth Warren,0.0
Edward Winters,0.0
Emily Stevens,0.0
Gabrielle Wright,0.0
Erika Carter,0.0
James Johnson,0.0
Brandi Johnson,0.0
Storm,0.0
91810266,0.0
HMS,0.0
John Campbell,0.0
Diane Forbes,0.0
Dawn Robinson,0.0
19285,0.0
Kimberly Williams,0.0
John Murray,0.0
Nathaniel Shah,0.0
Stephen Peterson,0.0
Eric Roman,0.0
Playa del Cielo  Marine,0.0
99,0.0
1f8c20da-5f20-4116-907a-a653089bb8a0,0.0
8832615,0.0
5199,0.0
Ã¢Â€ÂœoverwhelmedÃ¢,0.0
14525ad3-213a-406d-8e3e-64213f0be171,0.0
Rachel Campbell,0.0
Gregory Marsh,0.0
Sarah Allen,0.0
Brittney Rice,0.0
Ashley Long,0.0
Jessica Hernandez,0.0
419,0.0
577a9358-a718-4d90-a90e-88f88c58160d,0.0
17de5508-cf65-4e04-9bdd-acba951afe7a,0.0
ca87f68d-1df8-4746-a8af-8d810f49e783,0.0
33210,0.0
88d63621-4f58-4c7e-a02d-589cefb3a6be,0.0
Diane Young,0.0
Traci Elliott,0.0
hi xng BV Carriers,0.0
Lucas Adams,0.0
Rebecca Jordan,0.0
Scott Day,0.0
Colin Hunter,0.0
b9faf7c4-f237-4112-91bd-71fa0cf8571a,0.0
135338,0.0
Ã¢Â€ÂœStuff,0.0
William Lopez,0.0
Warren Schwartz,0.0
72092,0.0
b605391a-2c84-4d59-98f0-d12fd185ec64,0.0
Amy Mcclure,0.0
Jessica Mullins,0.0
Randall Martinez,0.0
Vessels,0.0
511915273,0.0
435,0.0
b03a6fc7-507a-4328-9814-57561acb4fc6,0.0
71608,0.0
Martin Jones,0.0
d4b66d04-ad3c-425a-a123-00e589b86a52,0.0
95850,0.0
Danny Walker,0.0
Paul Hoover,0.0
45310570,0.0
Aaron Cruz,0.0
598,0.0
928896ee-0c39-4b2c-aee6-910dc225513e,0.0
442,0.0
18139144-efbe-4540-8e65-fde29def1993,0.0
826749274,0.0
Michael Wright,0.0
753,0.0
Chad Ruiz,0.0
687878,0.0
368951,0.0
c0ce6d15-622b-42a3-b892-f5efe5b4d00c,0.0
a086a63d-19c7-4241-845a-f82c628d09a2,0.0
Brett Lee,0.0
Noah Mitchell,0.0
037acfda-0d33-4ce8-8907-fe7da3e27dff,0.0
Ronnie Gates,0.0
Ã¢Â€Â˜exemplaryÃ¢,0.0
b120bc86-764c-4e2b-9f36-1587f91a20e3,0.0
4843b052-8f18-4298-9464-d780feb5ddad,0.0
scooter,0.0
7cc6a1fe-59b5-491c-8985-bf6d77836092,0.0
8084530,0.0
ce8495cf-fe04-40b3-aaa2-d0bc29131f92,0.0
6071877,0.0
93ac5fec-5f52-4431-a3ff-91430a8062f6,0.0
422,0.0
753589537,0.0
Spanish Co & Son's,0.0
Matthew Anderson,0.0
332bb88e-0a63-41e3-8a27-87795fd552e9,0.0
course years,0.0
2ade0908-d1c9-45de-9dbb-3dfec75d9317,0.0
Portuguese Sardines GmbH & Co. KG Line,0.0
Lake Nyasa Ltd. Corporation,0.0
Joshua Huang,0.0
3740,0.0
440,0.0
601882545,0.0
88651,0.0
William Taylor,0.0
4294544a-9643-4cfd-97a0-ac656cb17e60,0.0
Hannah Ray,0.0
c495290e-2de7-487d-a139-f273c4974539,0.0
353361057,0.0
Amstel Inc,0.0
Ã¢Â€ÂœHelpÃ¢,0.0
35829746,0.0
Charlotte Lopez,0.0
Mark Scott,0.0
86034444,0.0
Nicholas King,0.0
James Andrews,0.0
Joshua Wright,0.0
Mary Harrington,0.0
Ã¢Â€Âœsleepy,0.0
67745773,0.0
214883455,0.0
Brett Moss,0.0
e69d4cb2-8bec-4496-8518-7426c6b9da65,0.0
Kagera River  GmbH & Co. KG Delivery,0.0
Holly Donaldson,0.0
c8026923-944a-4155-b2ec-e160135e0c47,0.0
58cf758d-a6f2-48ba-ac0c-89581ae6b4a5,0.0
313441257,0.0
222079892,0.0
2919,0.0
Dana Montes,0.0
1518,0.0
9820523,0.0
Bryce Chavez,0.0
90c3cb48-8060-4a55-804c-710044d19487,0.0
Brittany Rivers,0.0
2ed68d75-994e-43dd-b326-a2adfa540562,0.0
Michelle Evans,0.0
05d471b4-0e8c-4879-80b2-ef600220e09d,0.0
James Garcia,0.0
Kendra Owens,0.0
15,0.0
805275,0.0
fcef975b-e382-4c81-8160-41bf9e5bf937,0.0
Ã¢Â€ÂœPublic Loaders,0.0
715490,0.0
14952,0.0
Ã¢Â€ÂœEQUIPMENTÃ¢,0.0
353642,0.0
Ronald Gray,0.0
Debbie Ayala,0.0
Terri Rodriguez,0.0
6457,0.0
6513816,0.0
43797101,0.0
535955126,0.0
8211361,0.0
Scania Seafaring SRL Express,0.0
Estrella del Sol LLC,0.0
73470062,0.0
Kenneth Fox,0.0
777,0.0
Ã¢Â€ÂœshabuÃ¢,0.0
Rebecca Coleman,0.0
868626239,0.0
573756802,0.0
Margaret Hodges,0.0
7680453,0.0
64c45541-e00b-423c-bc7d-238aa3a4d3ad,0.0
thirty days,0.0
c2d2e029-6f38-4148-9079-15615103cea6,0.0
186,0.0
Kristin Johnston,0.0
Ã¢Â€ÂœcrisisÃ¢,0.0
812137,0.0
961bafd7-8d2b-405a-9c79-0f5345498cab,0.0
5334,0.0
35679,0.0
Jason Neal,0.0
Diana Dawson,0.0
Courtney Johnson,0.0
613556,0.0
353,0.0
Aicrowe Biotech Co,0.0
0f952ad7-6ecb-472e-8a30-895501a0e8c8,0.0
9507963,0.0
979294,0.0
25222883,0.0
Gaosheng Biotechnology Co,0.0
d2948905-9121-400b-905f-e449bf8ca35e,0.0
AirPods,0.0
5246016,0.0
64863263,0.0
Danish Lobster Ltd. Liability Co,0.0
vansÃ¢,0.0
36868,0.0
3127062,0.0
3369,0.0
30880,0.0
Ã¢Â€Â˜DisastrousÃ¢,0.0
Lake Manyara  SRL Brothers,0.0
8ce9074f-2904-41ea-896a-5d932e06f54c,0.0
3d009ee1-0d95-4516-802f-8a5110bde01e,0.0
64667049,0.0
1303,0.0
dbeb3e02-dc0c-4455-a16b-2d0b9cb2c65a,0.0
601e76fd-8517-4269-b976-2743987a49f3,0.0
67261634,0.0
344,0.0
ba0514a3-9c57-4b04-a7c5-89fc0463fdda,0.0
60197861,0.0
8978,0.0
Sharon Townsend,0.0
Travis Sparks,0.0
Deborah Porter DDS,0.0
d4291c4b-873e-4830-b44a-85227fde3ee2,0.0
Amanda Clayton,0.0
Ã¢Â€Âœshark finÃ¢,0.0
70720996,0.0
95291001,0.0
42627990,0.0
Mar de Estrellas Oyj Carriers,0.0
6d345854-f864-4194-85d2-047e66332dca,0.0
Christopher Cunningham,0.0
Erica Parks,0.0
df26d11f-ed87-4a19-b9e8-18e9783c00f5,0.0
2028,0.0
bc507d7c-29c9-4b0d-909e-52dd450a25d3,0.0
entire 2036,0.0
Brenda Cox,0.0
Suzanne Reed,0.0
Cody Lewis,0.0
1263250,0.0
Chris Booth,0.0
Jul-36,0.0
Lisa Henderson,0.0
Karen Delgado,0.0
13d79d632036,0.0
Sep-37,0.0
Melissa Norman,0.0
Jennifer Andrade,0.0
Lori Cummings,0.0
2032s,0.0
Damon Nelson,0.0
Laura Jimenez,0.0
687028,0.0
Susan Mendoza,0.0
Alexis Smith,0.0
Laura Smith,0.0
Samantha Manning,0.0
6ed1a821-e669-41f4-8a02-df4c818ff22e,0.0
2038650116,0.0
f1e84016-0f09-4907-a777-a6bb02b5f419,0.0
e916e286-85e5-4a43-b2ef-89ad5260ebdc,0.0
sectors sectors 2033,0.0
yearbook2034,0.0
2.04E+13,0.0
yearbook2036,0.0
b8567859-bf54-49fd-8332-5775e19c65af,0.0
Jun-36,0.0
Hannah Walter,0.0
Mar-35,0.0
b8f8208c-0388-484e-a700-b4c265170827,0.0
1aa47ffc-05a8-4edd-a8e0-94c10b650bd8,0.0
Kelly Mccarthy,0.0
Frederick Taylor,0.0
ec4af8c8-1ff1-4aaa-9431-7697d930b3f4,0.0
Ray Howard,0.0
2036Ã¢Â€Â™s,0.0
faf.20363,0.0
Joshua Landry,0.0
Joy Anderson,0.0
3eed159b-e98e-4f8a-98c2-c34341435411,0.0
3190258,0.0
David Frederick,0.0
Curtis Grant,0.0
4f533d76-17d7-4b95-86b5-106503c99b0c,0.0
2030Ã¢,0.0
Lindsay Bennett,0.0
e631b105-4953-43e1-8d37-a3ab5dd3d860,0.0
f514483d-fb5f-4cb2-bb8d-b616b10336d8,0.0
Laura Ballard,0.0
165e0fe7-6725-4f4c-abc1-3ef485a939b0,0.0
e3431d4d-79df-4da9-b8cb-a4d05a8aa474,0.0
39c767d3-a9b4-41f4-8a5d-e14b6c20a2d2,0.0
Sarah Sandoval,0.0
Raymond Howell,0.0
Jason Huff,0.0
FishEye International,0.0
AquaFresh Foods CJSC -,0.0
Ancla Azul Company Solutions,0.0
Ã¢Â€Âœpair,0.0
Guessl,0.0
Federated,0.0
FinestSea Ltd. Corporation Enterprises,0.0
Icelandic Shrimp Corporation Transport,0.0
Lake Mweru A/S Carriers,0.0
Playa de la Felicidad Oyj Cargo,0.0
l y S.A. de C.V. International,0.0
SeaSpray Wave SRL Solutions,0.0
Ocean Fisheries Llc,0.0
Ancla del Mar Ltd. Corporation,0.0
Tamil Nadu S.p.A.,0.0
Fisherman'sFriend Charter Boat S.A. de C.V. Freight ,0.0
FiTI,0.0
Victoria,0.0
Master,0.0
Faurtil FÃƒÂ¡brica Urnas TietÃƒÂª,0.0
Turkish Mussels Ltd. Liability Co Marine biology,0.0
Mar del Paraso SRL Shipping,0.0
New Bedford Light,0.0
Sonia Fisheries Pvt,0.0
Pesquera,0.0
DOFÃ¢Â€Â™s,0.0
Irish Sea Seaside GmbH & Co. KG Distribution,0.0
Uttar Pradesh Sp,0.0
Estrella de Coral Ltd. Corporation Logistics,0.0
Gulf of Guinea  Corporation,0.0
Seabreeze Foods Corporation Logistics,0.0
Ã¢Â€Â˜Do,0.0
Dry Creek S.p.A. Overseas,0.0
Meere Delpeuch,0.0
Kerala Market Limited Liability Company,0.0
Pasture Petfoods New Zealand Ltd,0.0
Tanzania,0.0
Reunion,0.0
Ht Shipping,0.0
Selena Building,0.0
Playa de la Felicidad NV,0.0
Ã¢Â€ÂœIllegal,0.0
IMPORT,0.0
Fishing International,0.0
Ã¢Â€ÂœVirginia,0.0
Electronic,0.0
Fish Sea,0.0
Sea Products,0.0
W Appliance,0.0
McLeanÃ¢Â€Â™s,0.0
American,0.0
Finest Ltd. Liability Co United,0.0
Ex-Lax,0.0
Fishisland,0.0
Jammu & Kashmir Limited Liability Company Delivery,0.0
heÃ¢Â€Â™s,0.0
Ã¢Â€Âœnoncitizen,0.0
Ã¢Â€ÂœGenev,0.0
Oceanfront Oasis Inc Carriers,0.0
Qingdao Kaiyuan Seafoods,0.0
West Bengal SRL Marine conservation,0.0
Platts Oilgram,0.0
Kerala Market Corp Consulting,0.0
Mar de la Vida OJSC,0.0
America,0.0
Portuguese Octopus S.p.A. Cargo,0.0
Surf and Sand Ltd. Liability Co,0.0
West Bengal S.A. de C.V.,0.0
Partnership satellite,0.0
Seafood,0.0
Caribbean,0.0
XUAR,0.0
Fisheries Inc,0.0
Getis-Ord,0.0
World Church Power God,0.0
Rama Overseas,0.0
Estrella de Mar Limited Liability Company Delivery,0.0
BergmanÃ¢Â€Â™s,0.0
Conduct Joint,0.0
Seabreeze Foods Ltd. Corporation United,0.0
Kilimanjaro fishery Ltd. Liability Co Transport,0.0
Isa,0.0
Barco de Plata Ltd Logistics,0.0
Lake Malawi LC Forwading,0.0
Water World LLC Express,0.0
Ã¢Â€ÂœTrials,0.0
BPÃ¢Â€Â™s,0.0
FLIP MCGYVER Tradema,0.0
Shellfish Chile SA,0.0
IPOS0000DOP,0.0
TemuÃ¢Â€Â™s,0.0
Firearms Explosives,0.0
IAVMs,0.0
Cartel Emergent Weaponry Use,0.0
Ejintex International,0.0
Asia Seafood,0.0
Andhra Pradesh  S.A. de C.V.,0.0
AtlantoÃ¢Â€Â“Scandian,0.0
TrammellÃ¢Â€Â™s,0.0
Moo,0.0
Eva,0.0
Salles Operation Handroanthus,0.0
Blue Water Ventures Ltd. Liability Co,0.0
Mar de Cristalino Co,0.0
SaltwaterSavor Shipyard LC Merchants,0.0
OceanKings Sailor Corp Logistics,0.0
Debit Cards Autopay,0.0
Mar de la Costa Ges.m.b.H.,0.0
Ã¢Â€Âœsuffered,0.0
Orient,0.0
OceanicHarvest Dry dock N.V. Delivery,0.0
itÃ¢Â€Â™s,0.0
RafaelÃ¢Â€Â™s,0.0
Madhya Pradesh Market BV,0.0
Ã¢Â€ÂœCompliance,0.0
Blue Bay,0.0
Innovative,0.0
Lake Malawi SE Freight ,0.0
Caspian Sea  Sea Corporation Freight ,0.0
Yu gan BV Investment,0.0
Thai Union Seafood,0.0
Okavango Delta Seaside Limited Liability Company Logistics,0.0
sh rn y Corporation,0.0
Ocean Trawlers,0.0
Belgian Scallop Limited Liability Company Krill,0.0
Sea Harvest,0.0
SMILE,0.0
Haryana s Co Transit,0.0
Ã¢Â€Â¢,0.0
DOFÃ¢Â€Â™s Long Xing,0.0
Insung,0.0
Chuan gou Company Overseas,0.0
Petroleum Vapor Intrusion,0.0
Energotrade Plus,0.0
Intrepid Navigators,0.0
Blue Venturew,0.0
The Salty Dog Tidepool Kga Transport,0.0
Madhya Pradesh Market Ltd Solutions,0.0
Scottish Trout Limited Liability Company Transit,0.0
Gen International,0.0
MeWe Vimeo,0.0
Four,0.0
II,0.0
Bloomberg,0.0
Ntaco,0.0
SVBÃ¢Â€Â™s,0.0
United Bankx,0.0
Golden Titana,0.0
Sea Breezes GmbH & Co. KG Lighthouse,0.0
Mar de Plata Corp and Son's,0.0
Rs,0.0
Irish Sea SRL Brothers,0.0
Barco de Plata Plc,0.0
Thomas Corp Cargo ship,0.0
Blue Lagoon Sailor Limited Liability Company Worldwide,0.0
Amorim Flooring,0.0
Edward Ferry SE Transportation,0.0
Ã‚Â£1,0.0
Stock SA,0.0
Forwading S.A. de C.V.,0.0
OceanicOrigin Foods River AG Marine ecology,0.0
Ware,0.0
Arctic,0.0
Niger River Delta Ges.m.b.H. Services,0.0
ROBYN BECK,0.0
Bay of Bengal's Incorporated,0.0
Aqua Ambassadors Limited Liability Company,0.0
Sea Luxe Oceanography Kga Transportation,0.0
MongabayÃ¢Â€Â™s,0.0
Fresh Atlantic,0.0
SunÃ¢Â€Â™s,0.0
Costa del Mar S.p.A.,0.0
OJSC Ltd. Liability Co,0.0
Mount Kenya Estuary Sp Holdings,0.0
Ã¢Â€ÂœPokÃƒÂ©mon,0.0
Ryabikova,0.0
Ã¢Â€Âœbracatinga,0.0
I6aE01vDFm,0.0
Puerta,0.0
Next Day,0.0
Seaside Sojourns A/S Shipping,0.0
Food,0.0
Guaranteed Income Program New Parents 2035,0.0
Image ArtTower,0.0
Nile Crocodile Deep-sea Oyj Brothers,0.0
VyoummBnVY,0.0
Blue Water Ventures Kga,0.0
Bloomberg Law,0.0
Ã¢Â€ÂœCinder,0.0
Kariba Dam  N.V. Brothers,0.0
Mitsubishi,0.0
Tuna Vietnam,0.0
Estrella del Mar Plc,0.0
Marine Foods,0.0
Agua TransiciÃƒÂ³n EcolÃƒÂ³gica,0.0
Arunachal Pradesh Sp Marine mist,0.0
Chuan gou Corporation Transportation,0.0
Nautical Navigators Kga United,0.0
3 Ltd. Liability Co,0.0
Lf Beauty,0.0
Playa de Coral Oyj International,0.0
Metro Marinen,0.0
Surf and Sea International Tidepool,0.0
The Salty Dog CJSC,0.0
Paul S.A. de C.V.,0.0
Comei&Co,0.0
Rickard shrimp,0.0
Hudsons Bay,0.0
Group Co Marine life,0.0
STL,0.0
Odisha Sea Dry dock LLC Consultants,0.0
USINC,0.0
The Ashey,0.0
Green,0.0
Dark Web Vendor Illegal Narcotics,0.0
Heroin Cocaine Exchange Bitcoin,0.0
Farmers,0.0
FiTIÃ¢Â€Â™s,0.0
Jharkhand s GmbH & Co. KG,0.0
Phillips,0.0
6 Ray LLC Enterprises,0.0
Prod,0.0
PinduoduoÃ¢Â€Â™s,0.0
AuraÃ¢Â€Â™s,0.0
McGovern BBB,0.0
Rose,0.0
drayage companies,0.0
Savaneta Corporation Marine life,0.0
Michael Limited Liability Company,0.0
Irtysh - Inc Distribution,0.0
East,0.0
Fresh On Time Seafood,0.0
MAT,0.0
Faroe Islands Halibut A/S,0.0
Teion Internationala,0.0
Single Seafood,0.0
Ã¢Â€ÂœUS,0.0
Welding,0.0
Basketball,0.0
Ocean Packers,0.0
Improvised Anti,0.0
Orange River  AS Logistics,0.0
Ste,0.0
French Ltd. Corporation Surfboard,0.0
Andhra Pradesh  Investment Dry dock,0.0
Uber Connect,0.0
Pb Brasil Industries,0.0
Deep Sea Atlantic NV,0.0
Supreme GmbH & Co. KG Consulting,0.0
gu y LC Shipping,0.0
Ningbo China Base Landhau Foreign,0.0
Estrella del Mar Pic,0.0
ArtemovÃ¢Â€Â™s Ava Petroleum,0.0
Spanish Red Snapper GmbH Shipping,0.0
Officer Pleads Guilty,0.0
Bribes Exchange Smuggling Contraband,0.0
Sp,0.0
Memphis Women,0.0
One Hongn,0.0
Evergreen,0.0
Himachal Pradesh Aquatic Plc Brothers,0.0
Lake Tanganyika Sea AS Shipping,0.0
Nagaland Sea Ltd. Liability Co &,0.0
Estrella de la Costa  Consultants,0.0
Kores De Venezuela C A,0.0
CP World,0.0
Tombow,0.0
Gelita Gelatine,0.0
Yale,0.0
Faroe Islands Plc Investment,0.0
East Ltd. Corporation Investment,0.0
Logistics,0.0
Dispenseroo,0.0
80 Percent Arms,0.0
CM Nationali,0.0
Anthony Sailboat Co Shipping,0.0
MV,0.0
Costa de Coral Charter Boat Oyj Overseas,0.0
Warner,0.0
Alpha Brokersa,0.0
ViktorÃ¢Â€Â™s,0.0
Sea Seekers Merchants Cruise ship,0.0
NFTs,0.0
Cargo Systemsi,0.0
Ocano del Este Corp Freight ,0.0
Ronald,0.0
C Express,0.0
Znamensk Eel LLC United,0.0
Sisdof/Sinaflor,0.0
Spanish Shrimp Sp Brothers,0.0
Tajima Industrues Ltd,0.0
ZerzaÃ¢Â€Â™s,0.0
IndÃƒÂºstria Madeireira Uliana,0.0
Sms,0.0
Semas 260 Rural,0.0
Dolphin Dreams S.A. de C.V. Seafood,0.0
All,0.0
Cab Incorportated,0.0
Sikkim S.A. de C.V.,0.0
Yeezy,0.0
Kagera River  Company Solutions,0.0
Marmooska Shipyard Sagl United,0.0
Leo,0.0
W&O Supply,0.0
Greek Sea Bream Limited Liability Company Transit,0.0
David S.A. de C.V. Brothers,0.0
Haryana s Ltd. Corporation Carriers,0.0
Coral Reef Sagl Transport,0.0
Felbab-Brown,0.0
OzonActionÃ¢Â€Â™s,0.0
Ã¢Â€ÂœEntirely,0.0
Ocano del Este SE,0.0
Norwegian Shrimp N.V. -,0.0
Malabar Sea Catch Sp,0.0
