Node,Community
Spanish Shrimp  Carriers,0
12744,0
290834957,3
3506021,0
ConventionÃ¢,0
2262,0
Ashley Davis,0
924,0
95,0
Ancla Azul Company Solutions,4
185106,0
Stephanie Garner,0
Ã¢Â€Âœpair,0
Guessl,0
Federated,0
94760735,0
83,0
imo,0
Torremolinos,0
International-Convention,0
logo,4
551,0
Dana Goodwin,0
Misty Thomas,0
Turkish Sword Buoy Incorporated Forwading,0
314,0
56,0
2983,9
FinestSea Ltd. Corporation Enterprises,0
653,0
Icelandic Shrimp Corporation Transport,6
1094345,7
7691,6
341,6
Playa de la Felicidad Oyj Cargo,0
77b46bc7-7e31-41a0-973c-e633011d21b0,3
Ã¢Â€ÂœencounteredÃ¢,0
f7a4114d-d1ca-44df-a7e0-c72e440671ba,0
39,3
3433,0
Kara Sullivan,0
52093e45-b873-4300-9612-8dfc291b1339,0
200640636,0
300668979,0
Stacey Ortega,0
285351,9
allAfrica,0
l y S.A. de C.V. International,0
b28d568f-09b4-41bd-b04d-4cf255f1adc6,9
341411,11
Playa del Cielo Kga,12
160,13
903311212,1
SeaSpray Wave SRL Solutions,1
png xi  Line,1
Mar del Oeste Pic,1
Ocean Fisheries Llc,1
255Ã¢Â€Â“273,1
858,14
185040354,3
1017141,3
2591586,1
49,9
71352,1
60806,0
4,3
7,3
35,3
Faroe Islands Shrimp Shark,14
6406040,3
Jamie Knox,3
664738735,0
5848,0
505943,1
Jerry Welch,5
23774,3
854,3
650512,11
245,4
5372,14
Tamil Nadu S.p.A.,14
02cd44a1-7945-40d9-b38f-56f70976582c,14
7950,14
44,14
41,9
98703,0
34,0
380,0
OceanicOrigin Foods Co and Son's,14
852015,14
71317,14
16,0
Ã¢Â€ÂœThese,4
31,14
Fisherman'sFriend Charter Boat S.A. de C.V. Freight ,4
PC,3
7298083,3
FiTI,14
48,4
43685541,6
Marie Lee,4
449820,14
Victoria,10
73166320,3
262157542,3
Christopher Cunningham,13
589,14
94,14
Mr. Joseph Johnson,12
720,14
fdcbe098-dbe6-4e52-8bd7-96cf3ae30101,14
Michael Andrews,14
Sarah Garcia,14
Jessica James,14
26794528-86a5-4b5e-802f-50c3f226c66b,14
c01c6a10-60c9-4f11-9409-aa04c3963826,14
57,14
9550,14
46901627,6
Faurtil FÃƒÂ¡brica Urnas TietÃƒÂª,1
Turkish Mussels Ltd. Liability Co Marine biology,6
Leslie Williams,7
83951569,11
577a9358-a718-4d90-a90e-88f88c58160d,12
b120bc86-764c-4e2b-9f36-1587f91a20e3,14
6c7a8222-efc7-41a6-809a-043b091ae04a,7
Sarah Hays,9
8541598,9
6731,9
b8567859-bf54-49fd-8332-5775e19c65af,6
979893388,14
Lisa Jimenez,11
526269,3
99575926,3
72371354,3
Brian Nelson,11
Ã¢Â€Â˜devil vesselsÃ¢,11
1,11
8c53a730-3aa1-463f-aef6-999a3cfbfb70,11
19,1
47679,13
Mar del Paraso SRL Shipping,11
683962,11
Kathleen Gates,11
82408558,9
f94bcae5-b023-48f6-a0d5-ff2f01cc00ed,11
f6cca381-c55e-44cc-b685-6c4139459b96,11
d0123474-8425-4ab0-90d5-175920158638,7
933c4581-7ecc-4377-995c-7a200fee617b,11
James Berry,11
Sonia Fisheries Pvt,14
838200939,11
860600018,11
yearbook2036,1
79538,11
Kevin Norton,11
Howard Pierce,11
Jessica Brown,11
70,11
DOFÃ¢Â€Â™s,6
Irish Sea Seaside GmbH & Co. KG Distribution,13
235866056,13
28379,1
Jason Neal,11
b8f8208c-0388-484e-a700-b4c265170827,6
1aa47ffc-05a8-4edd-a8e0-94c10b650bd8,6
weeks,12
40213337,4
cutters,4
Timothy Cuevas,11
Joshua Glover,11
Tara Villegas,11
75399,13
28,3
967900443,6
months,12
Janice Bell,11
George Morton,11
98,0
96,13
93,13
Olivia Bailey,13
Uttar Pradesh Sp,9
Debra Davis,11
cefaf8b3-3aa2-4c59-b4aa-7974c8e1fe32,8
Estrella de Coral Ltd. Corporation Logistics,8
Laura Jimenez,11
2028,10
f514483d-fb5f-4cb2-bb8d-b616b10336d8,0
Ã¢Â€ÂœVikingÃ¢,11
26676370,11
Saltwater Solitude GmbH & Co. KG,11
PRK,11
Viento Azul Harbor LLC Investment,11
Viking fishing,11
175,13
expect year,13
Bryan Hill,12
Michele Henry,12
58db776e-40f1-4e68-b13d-dcc42416ce58,12
73704,12
Amanda Mckenzie,1
Gulf of Guinea  Corporation,15
Christopher Simon,11
Robert Nguyen,11
Ã¢Â€Âœfirst,11
Ã¢Â€ÂœinitiallyÃ¢,11
Ms. Stephanie Rivera DDS,14
540613204,13
Seabreeze Foods Corporation Logistics,11
Kimberly Williams,11
Holly Taylor,11
Michael Wright,11
353361057,11
Thomas Morales,15
Calvin Salas,5
Michael Chen,5
Stacey Ortiz,11
Brooke Hamilton,5
Kristi Miller,11
Ã¢Â€Å ,15
Ã¢Â€Âœit,5
Scott Day,11
Ã¢Â€ÂœStuff,11
Ã¢Â€Â˜Do,11
011ad1ae-ae1b-4c74-9f58-c020e6a3e836,1
Dry Creek S.p.A. Overseas,12
5639000,11
James Hall,11
95c715ba-891e-4472-8e2a-4e746dcc266a,0
1a2ebb93-1c85-4f40-abb1-cff639788678,11
William Bradley,7
Joseph Griffin,7
Ã¢Â€Å Ã¢,7
dec44f58-94b0-4070-bfb3-1e13ef308ec3,7
Michelle Singh,7
SSN,7
Tyler Palmer,7
853949688,11
128692,13
172711,13
5441,13
199442,13
14253815,11
4369922c-ce1d-40ff-904c-1f6a3000bf6b,11
506,6
4937447,6
Ã¢Â€ÂœregularÃ¢,13
2079436,13
Ht Shipping,14
Selena Building,14
87940,14
Elizabeth Welch,11
da0a7bbb-5bd1-42aa-bcc0-b8923d5c15d4,11
Sept,15
Adam Cook,11
Jason Huff,11
Eugene Ochoa,6
621,6
europeansting,6
Jammu & Kashmir Ltd Family,6
99233,6
Anne Anderson,6
26978247,11
April,14
445a6124-4650-4e5a-83bb-a0e0b4040ee9,11
4975,3
7282284,3
46194,3
80191,14
7892,3
172114,13
662bfccd-798d-4e60-b308-2cb2918e3dd2,3
33560,3
e69d4cb2-8bec-4496-8518-7426c6b9da65,3
23,0
860067396,0
ipoa-iuu,0
457009514,3
6043477,3
86597,3
610,3
Andrea Peters,3
767368152,3
c9b9c344-98ec-40b8-af05-8528e5d82534,3
5415,3
9473,3
e3431d4d-79df-4da9-b8cb-a4d05a8aa474,3
39c767d3-a9b4-41f4-8a5d-e14b6c20a2d2,3
Sarah Sandoval,3
Raymond Howell,3
Kristin Graham,3
e40c01a4-8ed5-400f-857d-31e7bd263e35,11
Danielle Camacho,11
Ã¢Â€ÂœHe,6
Wesley Vasquez,3
Kelly Mccarthy,11
3896,12
Kayla Reynolds,3
yearsÃ¢Â€Â”that,3
950574,3
99661834,3
132,0
938816,0
Ã°ÂŸÂ’ÂªÃ°ÂŸÂª,0
5469,0
8701038,3
91dcf36d-dba8-41e8-a4cc-912981a27296,3
Launch LoversÃ¢,6
Wendy Crane,4
Andrea Gibson,6
43797101,0
535955126,0
8211361,0
13015105,0
Ã‚Â£800,11
6393,0
826273,7
348079,0
Tanzania,0
aea12579-8802-4b2d-b432-fc35fe4d10d5,0
Fish Sea,0
Sea Products,0
4447143,0
102642,6
71,8
0f952ad7-6ecb-472e-8a30-895501a0e8c8,7
23777,12
ba0514a3-9c57-4b04-a7c5-89fc0463fdda,12
6780,12
60197861,12
78,0
c73572b6-7b24-49e7-8f52-11cf8ec3c7d2,0
47924922,5
7670,13
Paul Parker,4
Ã¢Â€Â˜NoticesÃ¢Â€Â™Ã¢,9
651,9
265700083,1
McLeanÃ¢Â€Â™s,1
995899,13
1560,13
47249,13
23399545,13
829,13
1360,13
1853970,13
903,13
Angela Powers,15
American,7
Montrose,7
291669,6
425887173,6
64338295,7
81,7
The Salty Pearl River S.p.A. Export,6
Ancla del Mar Kga,6
405ab2a5-68f0-4304-ab94-24c7995a248e,3
dbb07e32-a8f4-47d0-ae61-c2e9774e9284,3
44842,3
e2b334d9-4d51-40b2-a7b1-441b88400b75,3
68,3
Marine,9
4063,9
740523,9
vesselÃ¢Â€Â™s,9
Amy Mcclure,9
Jessica Mullins,9
John Martin,9
69150209,14
AquacultureÃ¢,6
156,14
1eb512b7-c4ce-4b7e-9965-2236bf1afc9e,14
Luis Jones,14
f2aee915-d483-4823-a030-9aac5e44c1fe,14
17232,14
Derek Burke,14
119411,14
f810c631-9f7d-4219-ade0-b44c4c9abf62,14
51,14
2,1
Brett Lee,1
72,14
35881,14
06430a2c-805a-4a76-bbda-2a24c0c860d7,3
Matthew Fletcher,14
Daniel Mcclain,14
962534403,14
Michele Taylor,14
Morgan Bell,14
490653,1
775298545,11
5,14
665912557,14
Julie Callahan,14
Jamie Robinson,6
Ã¢Â€ÂœDesbloqueio pÃƒ,6
Brian Dennis,6
Frederick Kent,6
858773,6
7361,3
Ã¢Â€ÂœlocalÃ¢,3
Ex-Lax,3
78565892,6
salmon,1
9166,3
759,9
Pacific Island States United StatesÃ¢,3
territory American Samoa,3
Fishisland,4
5680682,6
21,6
6,6
Alexander Buchanan,6
Maria Mitchell,6
845,1
Deborah Bell,6
Turkish Sword Ltd Export,4
98332,6
693436,13
9,1
14bda3bb-9993-4265-97cc-1747808c144e,9
Ship2Report,9
e85c691a-2adc-4094-8d29-5ea328486951,9
1225,9
Alan Wells,9
Melinda Wade,9
2751,9
47,9
8153f5cb-e1f7-49bb-91bb-24b3a296a40a,9
Tony Patterson,4
Kelsey Tucker,5
Jammu & Kashmir Limited Liability Company Delivery,8
Ã¢Â€ÂœcrisisÃ¢,4
1303,12
heÃ¢Â€Â™s,9
Ã¢Â€Âœnoncitizen,9
a0deebdf-db0c-4aa8-91b6-0536e017c20f,1
Ã¢Â€Â˜protectedÃ¢,15
Barbara Mccarty,11
Sabrina Zamora,11
Daniel Snyder,1
Maria Russell,1
Carlos White,5
Helen Chase,1
Loretta Harrington,11
choicesmagazine,1
Jennifer Parsons,14
Morgan Black,5
Tristan Johnson,1
Michelle Kelley,15
Austin Simpson,15
su y CJSC Canal,15
Marvin Everett,15
Robert Vega,15
Ã¢Â€Â™Ã¢,15
Jeremy Norris,1
8698,5
964,5
Claire Russell,5
Jason Davis,5
9488645,5
Anthony Gomez,5
Scott Medina,11
865275,0
426469,0
8412071,0
439861274,0
Brian Williams,0
908724,0
Kimberly Palmer,1
15785056,0
494197,0
3785,0
Andrea Hansen,0
97,0
6889326,0
Ã¢Â€ÂœGenev,4
Oceanfront Oasis Inc Carriers,4
71755,0
Kristen Martin,0
Qingdao Kaiyuan Seafoods,0
93873119,3
Jeremy Cordova,1
Explorer,1
602ea158-0519-47fc-badc-787721580418,1
Victoria Parks,11
St,11
Samuel Cross,1
18139144-efbe-4540-8e65-fde29def1993,11
826749274,11
West Bengal SRL Marine conservation,11
49494,1
Bryan Taylor,7
Susan Erickson,0
f9f6fc72-83db-4c44-a818-dde6c33985f9,0
Ã¢Â€ÂœtransshipmentÃ¢,0
Brooke Garza,0
Feng,0
Platts Oilgram,0
Sergio Ross,0
Daniel Middleton,0
Plastic,0
PlattsÃ¢,0
Patricia Hunter,0
Deepwater Horizon,0
Kerala Market Corp Consulting,0
f20779bf-63b5-4ea4-bb5f-944bb9449bce,1
349,1
71835024,1
97453782,1
James Limited Liability Company Logistics,1
959344,1
951187691,1
66538530,14
12731,14
Portuguese Octopus S.p.A. Cargo,14
Thomas Adams,14
Mr. Jose King,14
Olas del Sur Inc,14
5508215,14
ee05a28e-82ba-4f1d-a60f-68797a422ada,0
82344,9
Surf and Sand Ltd. Liability Co,9
58,9
Cynthia Williams,9
Armed RobberyÃ¢,9
76,9
830155,9
Anna Turner,9
West Bengal S.A. de C.V.,1
372016989,9
Alan Pacheco,9
90562,9
27078926,9
USCGC,0
Partnership satellite,9
Seafood,1
62d4bdbc-8978-4cbf-b9ea-82aaa9188c91,1
89035,12
4877,9
nationalfisherman,9
500633954,9
62343,9
d025bbec-393d-4f51-94b3-01b77280ef31,1
4356,8
weeks 55,8
XUAR,10
68273,10
7023,12
460859346,5
Richard Greer,9
Ã¢Â€ÂœoverwhelmedÃ¢,9
Kristin Johnston,9
961bafd7-8d2b-405a-9c79-0f5345498cab,9
Veronica Payne,13
Ronnie Burns,13
Lisa Lambert,6
Fisheries Inc,3
1415,0
ee077c79-cc7b-4ac7-8c0b-d48f50538f61,14
665,14
92,14
8597,14
water,6
0f5fd4f9-1683-464e-9459-a4488de5064b,0
ae16dd9b-0271-4699-91bc-0ce6b69357c6,12
47261702,14
4627,14
93252,14
Craig Santiago,14
6460,14
8980454,7
William James,1
6070651,14
89772543,13
3190258,9
Reunion,0
Nathaniel Jimenez,8
Charles Tran,8
Ronald Mahoney,8
Playa de Coral GmbH Consultants,8
World Church Power God,8
Peter Oliver,8
Kirk Jackson,8
Matthew Delgado,8
Evelyn Huang,8
21e68e53-183c-45a0-9805-68c099d4d9c0,8
3b728c8f-1eaa-4f16-8c63-d3bcffd437bb,4
573756802,4
Ã¢Â€ÂœshabuÃ¢,4
17 Sept,0
990,0
2989,3
967,14
df42b319-be6a-4a2e-b11d-c4da7ecfc01c,0
Sierra Smith,6
629,6
435054320,4
Cutters,4
Maurice Figueroa,11
52193,7
Joshua Baker,11
Kimberly Lara,11
months years,11
morningÃ¢Â€Â™s,11
Anna Thomas MD,11
BergmanÃ¢Â€Â™s,11
637608,11
John Gonzalez,11
e53552bc-174b-4799-b96b-c23cfa0731cb,11
5337,11
2243528,5
Victoria Anderson,10
Ã¢Â€Â˜So,10
Cutter,4
Brian Weber,4
8327,4
7505050,4
Teresa Rivera,4
Conduct Joint,4
e1d7b4ac-ed31-42a4-9375-4afb0f78f276,4
Mary Horton,4
Angela Spencer,4
Jenna Barton,4
Kristi Weeks,0
Tyler Brown,4
863749817,4
567217,4
475,4
Oliver,4
Amanda Becker,4
Frederick Hunter,4
Linda Holden,5
Donna Romero,5
Amanda Garcia,5
75471,5
Tyler Flores,12
Danielle Perry,4
5495,11
CraftÃ¢Â€Â“Law,4
8851578d-3dd7-4430-8f73-b95305eb1f03,4
Andrew Harrison,4
90411963,1
USS,7
88a1fe65-33d9-487a-a3ac-d4208f41b754,4
Rebecca Adams,0
Jessica Hernandez,10
4962642,10
Seabreeze Foods Ltd. Corporation United,13
93865,1
Paul Wiley,15
Miranda Long,15
Joseph Williams,15
Seth Kelley,15
Christopher Miller,15
Scott Anderson,15
Jeremy Woodard,15
Ã¢Â€Â˜enticedÃ¢,15
Angel Burnett,12
Jose Smith,12
2037/09,15
Emily Kennedy,11
Melissa Bates,11
5007554,6
68703341,13
Melissa Norman,14
Kilimanjaro fishery Ltd. Liability Co Transport,9
9a651d73-d88f-4f9c-9497-7321ef575c6f,15
Natasha Phillips,15
36351742-aff4-4df7-a495-1f1f2c94127a,15
Dakota Hansen,9
301,9
James Best,9
9203,1
Lindsay Bennett,1
3878194,0
Amy Kent,0
monthsÃ¢,12
18,12
Tian,12
Michael Porter,12
periods years,12
46,12
65fea097-e838-4be6-9889-83f5361fe777,12
1710a32e-7a58-4d7f-9c5e-bf897b7419a3,1
Sherry Richmond,12
2466,12
hours,12
Alyssa Gonzalez,14
Michael Brock,1
Emily Norton,12
68ac10aa-80a3-4b3c-99e5-f5708715ab2c,12
365,12
Sara Fleming,12
353,7
entire 2036,12
Emily Johnson,14
Isa,14
760079,1
3009706,1
Cody Lewis,1
41870892-4565-42cd-9374-8665d01e9aa9,13
ab195b55-453e-4436-ab0c-9f5660b4ec8c,13
22a2062d-03d8-48c3-9e91-9e5930b8d29f,13
Joseph Gonzales,13
Cindy Ritter,13
6b19fec0-f5d4-4d31-b461-fef270debb3e,13
Brett Lopez,13
John Hutchinson,13
Ã¢Â€ÂœcardingÃ¢,14
cookies,1
Ã¢Â€ÂœAccept AllÃ¢,1
Barco de Plata Ltd Logistics,1
oceanÃ¢Â€Â™s,0
164575,0
Spencer King,0
Ã¢Â€ÂœnecessaryÃ¢,0
883320938,0
2030Ã¢,0
449308,3
Lake Malawi LC Forwading,3
3129,12
3cda9d0b-77af-4e85-bef8-e935ca55ea06,0
87339689,0
522017227,0
29,0
2198,7
507470,0
6457,0
6513816,0
3d009ee1-0d95-4516-802f-8a5110bde01e,12
Chris Booth,0
e916e286-85e5-4a43-b2ef-89ad5260ebdc,1
144431,0
6064a564-2a82-44b7-8614-3a33f25e41ba,0
Debbie Daniel,0
165e0fe7-6725-4f4c-abc1-3ef485a939b0,1
Ashley Wiggins,1
410,14
657,1
George Ramirez,1
Rybachit Limited Liability Company,6
Ã¢Â€ÂœsinkÃ¢,8
801809,1
58745,1
Andrew Gamble,1
21240092,14
b47086b0-e225-436a-83b1-2cf5cda4dbd5,1
Daniel Wood,5
Kelly Brown,11
Ã¢Â€ÂœdisasterÃ¢,6
Jonathan Garner,1
Patricia Bowen,5
Jonathan Spence,1
Ann Flowers,1
Dennis Little,5
5235138,1
Daniel Mason,8
20370602035941,1
Diana Kelley,1
DECEUNINCK,1
Madeline Collins,1
Ã¢Â€ÂœTrials,1
933754160,1
Laurie Mclaughlin,1
BPÃ¢Â€Â™s,1
FLIP MCGYVER Tradema,13
waterÃ¢,1
032522db-8105-4c26-8142-ae9d5806f7c5,1
Dana Knapp,1
Lisa Castaneda,1
Shellfish Chile SA,1
6204,1
Perch,1
IPOS0000DOP,12
a0ea93dc-6767-4682-b424-21b5a24ea24b,1
Kariba Dam  Corporation Nautical,6
Ruben Fowler,12
Michelle Jackson,1
Stephen Marks,1
John Avila,1
Simien Mountains  Company Delivery,1
82379,8
Philip Murphy,1
electric,1
Amanda Rogers,4
23837996,10
309535101,1
Tiffany Leonard,1
f64e747e-13de-4628-b939-92a8ff4eb03f,0
July 2036,14
Martin Bryant,1
Sudd Swamp  Wave AS Freight ,14
6083f325-5f17-4d41-9c22-f188f55ea9f3,1
Amanda Jenkins,14
491,9
TemuÃ¢Â€Â™s,10
Randall Martinez,14
Mary Lucas,5
Hannah Ray,1
Nicholas King,1
Brittany Rivers,12
Kenneth Fox,1
5246016,1
435,14
26261586,15
15910405,15
Danielle Valdez,15
85052185,0
48605,0
Dawn Oconnell,15
Jennifer Price,0
653505420,0
Kenneth Cain,15
IAVMs,12
Cartel Emergent Weaponry Use,12
6d887b98-7c48-4a82-98bb-2f50fe4b29d5,12
Michael Patton,12
ordinary,12
week,12
Kari Zavala,12
91a2a8e6-f56f-4663-8be9-0bbfd5440489,12
40cfcd88-fceb-49bd-a71a-053aacddad42,12
cb537677-9d82-4d58-8066-899bdc51c4f1,12
Kevin Moore,12
204,12
Ã¢Â€ÂœbossesÃ¢,12
Levi Jones,12
Adriana Rhodes,12
a2ac0390-407f-4a94-bc19-6d58d36ea69a,15
1039,12
626,14
511915273,14
b03a6fc7-507a-4328-9814-57561acb4fc6,14
47bd4f34-d0af-41f0-88c5-eb9d4fde440c,5
Bryan Johnston,1
Thomas Diaz,10
Richard Perkins,10
Monique Rios,5
Melinda Williams,12
18 wheelers,12
3051e013-9e40-44cc-98e5-740e3238daaa,12
b5856109-c5a0-43a6-8c70-ebfe73cc24f1,12
Lisa Henderson,12
3887,6
695031,13
Tyler Anderson,12
Ejintex International,12
Asia Seafood,12
Andhra Pradesh  S.A. de C.V.,13
AquaFresh Foods CJSC -,12
Ã¢Â€ÂœCollecting,15
7cc6bfba-4893-444b-a641-a7d0b48fa427,1
Lindsey Palmer,9
Lori Weeks,15
f656719b-783e-452b-801f-f60895068b23,15
Scott Edwards,15
d5b94ebc-e03a-438e-872b-a15db349a748,1
Carrie Elliott,14
arts,0
189,13
07,13
737205,3
Keith Webb,11
Elizabeth Anderson,13
Heather Porter,9
Moo,14
Elizabeth Mccarty,14
25777,14
71608,14
63548588,14
c2d2e029-6f38-4148-9079-15615103cea6,14
186,14
Rama Overseas,14
5705060,0
959,0
Belgian Scallop Ltd. Liability Co,0
Michael Frederick,7
Eva,7
4942,7
Sandra Martinez,7
Erica Hamilton,7
544344,7
Randy Collins,1
Clayton Rodgers,1
41398ea8-d14a-4666-80e8-6a212684d871,1
Nutica del Sol AG,3
5276019,12
743225,14
TalleyÃ¢Â€Â™s,14
Brittany Ryan,14
Ã¢Â€ÂœseamountÃ¢,14
5ede75fe-f670-4a59-b693-da34e7f6eb47,6
Ã¢Â€Âœsuffered,12
Orient,14
Norwegian Shrimp Ltd. Liability Co,14
OceanicHarvest Dry dock N.V. Delivery,14
4783,1
FilkinsÃ¢,1
ten,12
e2816018-e01c-4eac-8dc5-e84aebc22cff,1
Vanessa Avila,1
529,1
d7f220de-bba2-4965-9c15-3dd38ef5c3c7,9
28064,9
AlaÃ„Âum KanuuxÃŒ,9
RafaelÃ¢Â€Â™s,9
Anna Smith,11
Ã¢Â€ÂœCompliance,9
SIMPComplianceGuide,9
Hannah Walter,9
12845006,5
34153143,5
Ã¢Â€ÂTheoretically,5
Jonathan Torres,5
Gary Dunn,5
Brittany Frey,5
sectors sectors 2033,5
Lauren Moore,3
Leominster ProvincetownÃ¢,3
371bf15a-3000-499a-88e4-cc096b028ec7,0
913428,0
Marcus English,0
fisheriesÃ¢,9
53073557,12
Erin Bowen,0
621770,0
381051499,10
b605391a-2c84-4d59-98f0-d12fd185ec64,0
Kyle Stanton,1
Laura Smith,1
67a59fab-710a-4992-b6d0-d581fd9dceba,1
e31b2b9c-3197-4c2c-ac40-3c6711a4682b,12
5a52675e-1243-4244-ad55-85a06c4408de,13
148766,13
567857349,13
Stephanie Hinton,14
70873,9
Estrella de Mar Ltd. Liability Co,9
387674,9
47562016,0
Playa de la Luna Ltd. Corporation,8
304,8
Costa del Mar Oyj Hijiki,8
672,14
Jennifer Frederick,14
900,14
111795162,14
802113,9
1076f239-831c-4c53-9134-484c8f2d5c73,13
2125,13
9e2e5adf-b6aa-4e7f-9af1-a899ceccfba6,11
Ã¢Â€Âœaccelerate,11
327979,11
414,11
28422,11
43185,11
687028,11
4526320,14
ce0d446c-d08d-49a8-8aa2-e625ead63d0c,1
Gary Scott,8
ad8fe467-3759-4f53-bf6a-896a237d187f,14
Ã¢Â€ÂœcollaborativeÃ¢,1
489,1
Ray Howard,8
833355,1
591787,8
Tammy Ryan,1
1214936,1
Elijah Gordon,5
Brandy Williams,15
Douglas Gillespie,1
boatÃ¢Â€Â™s,1
41695239,1
Bruce Spears,1
Joshua Hammond,6
Amanda Gibson,5
watercraft,12
Rapido beam,13
55394387,1
950ce1a6-a178-4e3e-9316-91ab7ca88664,1
Mrs. Katrina Williams,1
krxd,1
Hannah Brown,1
Lauren Garner,1
George Vance,1
e678510b-947d-455a-8eb0-44d1009682ec,1
d4947401-8ec7-48b9-a66f-45d983d59e0a,10
James Horton,1
288971672,7
432526990,1
43223,1
electric cars,1
Karen Burns,10
54217974,11
trucking,6
Belgian Scallop Limited Liability Company Krill,1
613281364,1
HardwoodsÃ¢,1
Rachel Arnold,1
Robert Rodriguez,1
Motor Vessel,1
Traci Elliott,1
bc507d7c-29c9-4b0d-909e-52dd450a25d3,1
Today,4
037acfda-0d33-4ce8-8907-fe7da3e27dff,1
scooter,1
Angela Orr,10
f205ff1a-8798-48b7-b535-ad87b9756220,14
64667049,1
65,1
98748,11
50,11
454,1
Zachary Sellers,1
59022,1
83818120,5
Mr. Gregory Brown,1
Tshikwea Corp Marine sanctuary,6
222848436,12
Amphibious Warships,12
945,12
cutter James,4
b636c0f8-2ddf-42ad-9f9c-73bd48682561,4
sailboat Freeport,4
Elaine Duncan,5
Coast,4
Ryan Perez,4
dd3f2822-2964-4d18-92c2-7a6db4b4a9e5,4
6567453,4
Leng 999 Gal,4
GalÃƒ,4
Kristin Jones,4
HMS Montrose,7
222079892,4
740111283,4
Ships,4
2919,4
Dana Montes,4
June year,12
ocean,1
Ã¢Â€Â¢,13
Michael Nicholson,12
4764109,3
761,6
Diao er Ltd. Corporation Transport,6
4759,7
DOFÃ¢Â€Â™s Long Xing,6
2ad4f7ea-6f93-4a11-ace7-d7a4234bb991,6
Paula Allen,6
13 yearsÃ¢,6
three,6
Christy Fields,6
bottom,13
9204971,3
Insung,1
Douglas Gordon,6
2035/03,6
df365f60-c399-42f5-ad38-736145edef5e,6
812740593,11
11960055,11
a7d22b55-872d-4fc0-b1ea-935f63ce0d2a,6
519994690,6
9786,0
Å“Ã¯,2
Å“DdÃ¯,2
Ã†ÂƒÃ¯,2
Å“gÃ¯,2
pÃ¯Â¿Å“Ã¯,2
Å“Ã¯Â¿Å“Ã¯,2
KÃ¯,2
Å“iÃ¯,2
qÃ¯Â¿Å“Ã®,2
Å“GuÃ¯,2
Å“Pm6,2
Å“z,2
Å“NÃ¯,2
Å“ÃÂ’Ã¯,2
Å“bjNnnÃ¯,2
Å“LÃ¯,2
Å“ÃŸ,2
Å“5Ã¯,2
Ã‰Âd,2
LÃ¯,2
Å“jOÃ‘,2
Å“Y,2
Å“nOÃ¯,2
NÃ¯,2
Å“zÃ¯,2
Å“X,2
Å“Ã’Å’ipÃ¯,2
Å“MSssÃ¯,2
Å“x,2
Å“VÃ¯,2
Å“UkÃ¯,2
Å“mÃ¯Â¿Å“dÃ¯,2
Å“mÃ§Â„Â¢kÃ¯,2
Å“mÃ§Â„Â¢kÃ¯Â¿Å“F1Ã¯,2
Å“F1Ã¯,2
Å“F1Ã¯Â¿Å“F,2
Melissa Spence,1
Holly Donaldson,0
693c9865-5633-40a1-bcb6-3f0dd68a41c4,5
Ã¢Â€Â˜DisastrousÃ¢,5
Lake Manyara  SRL Brothers,5
95219,7
911,7
Joy Anderson,7
2056,7
579919,7
Ocean Tuna,3
2230601,3
75835980,3
Petroleum Vapor Intrusion,3
Energotrade Plus,7
Intrepid Navigators,7
464454263,7
Shipping Corp,7
951,7
10,12
Diana Brandt,15
Brandi Bowen,15
Taylor Chan,15
1a069318-6dc0-45d0-9948-7b846f61c201,12
79513661-4dbe-4797-a73a-e53177f7a4b3,12
36295,0
Jeremiah Delacruz,0
Ã¢Â€Â˜squids,0
Ã¢Â€Â˜clams,0
Octopus,0
60253,0
37e46ce7-3cfa-4805-a254-5549adf19805,0
Scott Mays,0
b4caf8cd-dbc7-4c99-9f2b-de407274c08b,0
38b72863-eaf3-4270-a213-d9ddaee2c6cb,0
410af01b-a5fb-4d6c-946d-a48fea30332b,0
Ã¢Â€Â˜Socioeconomic,0
Miss Jessica Baker DVM,1
Alonso-FernÃƒ,1
4b6a1701-93c3-403c-bd2f-9684106e8bba,1
Jeffrey Yates,1
Mar de Cristalino Co,1
42aea61e-a98f-4528-9f30-51624ecf3957,1
Madhya Pradesh Market Ltd Solutions,1
nigeria,1
2036-06,1
1334578,13
43,13
3601920,13
Ã‚Â£9,13
1968776,13
8ce9074f-2904-41ea-896a-5d932e06f54c,13
435978092,14
Andres Cook,13
Tyler Guzman,13
da71710a-9b0e-41d8-a9f6-a0b93f1ab772,9
813,9
Rodney Compton,13
6242224,12
3740,13
Lake Malawi SE Freight ,1
Scottish Trout Limited Liability Company Transit,4
ec4af8c8-1ff1-4aaa-9431-7697d930b3f4,10
Erica Mitchell,13
Brenda Andrews,14
Lisa Gomez,14
431,14
Mark Hernandez PhD,14
1465792,1
366,3
85946,3
848165,3
612,3
379284134,3
19386200,3
e42f2b19-60d8-4df2-bb01-d2b42d134a26,3
Mark Scott,3
737137552,0
327481624,0
cf651b3c-4e21-458c-91c4-3cae2eb36bcb,0
17c99d9d-7049-4ebb-8a2a-f3d39cc42870,12
df26d11f-ed87-4a19-b9e8-18e9783c00f5,12
760402,1
48115,4
Sarah Clark,13
Water,0
25423,1
2610,1
Ntaco,1
Delhi ers AS Holdings,10
Stephen Gutierrez,10
Angela Hernandez,10
Randy Logan,10
Elizabeth Martin,10
Ã¢Â€ÂœtheoriginaldragoncoveÃ¢,10
Aaron Bennett,10
Kathleen Rowe,10
237659945,10
Cape of Good Hope  Oyj,1
116070050,1
a325b223-5017-42a8-8eb1-ed7e1a3bbd5b,12
440994840,1
Heather Hill,1
05ef2661-6f3a-4f37-83e7-2ec8352afaef,11
2ef60e7b-4914-4dbd-a063-5b23143fe5db,11
2633692,11
fc4e853f-6e18-4631-bf95-f70d6a30579f,5
Ã¢Â€Âœbelieve,5
Dr. Daniel Massey,5
Ã¢Â€ÂœWhatÃ¢Â€Â™s,5
Brett Williams,5
EasterlingsÃ¢,5
Seth Peters,5
Dale Warner,7
451,7
705283b0-cdb7-4f0a-8481-b3fea243a8e5,1
Boat,4
996592,13
driftnets,13
4e872202-1d65-4183-80c9-e8c12c8f736e,12
4382,13
7320771,0
Playa del Mar Caviar,9
430,9
a7f76d84-4ccf-424a-9bf9-fc20b862b7a8,9
142,9
3183,9
Estrella de la Costa Inc Transit,9
25652724,1
937182447,9
Aleut Community St,5
KanuuxÃŒ,5
e8036bce-0679-41d2-aa7b-d444163ae65a,5
Ã¢Â€ÂœAlaÃ„Âum KanuuxÃŒ,5
Robert Carpenter,8
Ã¢Â€Â‹point,8
Melissa Gomez,15
Daniel Frank,15
Ã¢Â€Â˜directlyÃ¢,15
Scott Wright,15
Brandon Thomas,15
MexicoÃ¢Â€Â™Ã¢,15
f402c1d2-8262-4bae-aa92-c8675a7006fc,10
Irish Sea SRL Brothers,10
Ã¢Â€ÂœNYPDÃ¢,10
Jeffrey Hall,10
Daniel Obrien,10
49729,7
Barco de Plata Plc,7
Lauren Reynolds,12
4711730,8
Gaosheng Biotechnology Co,7
Courtney Johnson,7
d2948905-9121-400b-905f-e449bf8ca35e,7
2421,11
7413,11
861,8
Mario Richardson,8
859375359,8
883290144,8
8453714,8
52,3
80276549,13
Innovative,14
927244,3
42603647,3
8544797,3
5070599,3
8966,3
647724,3
Daniel Vasquez,1
c2478e4c-2a8c-4d34-a5d5-fd46c66b5e67,1
Suzanne Reed,1
28890617,4
Thomas Curry,6
76568,6
Chad Nichols,6
49525439,6
c14a3dc1-59d0-4b92-b9f3-331e51912787,14
Christopher Peterson,12
Thomas Corp Cargo ship,12
John Barnes DDS,15
Amanda Contreras,6
Susan Hodges,15
Ã¢Â€ÂœWe fins,6
Joanna Brown,10
22,9
Ã¢Â€Âœregions,8
Amorim Flooring,6
Edward Ferry SE Transportation,13
DiÃƒ,4
40952,14
324989705,1
95064,6
Hunter Wheeler,1
299,5
Think Tank Index ReportÃ¢,14
upenn,14
edu,14
2ceda972-c633-4a88-bbe8-a4fe48cb5555,0
890,14
Ã¢Â€ÂœU,14
58877070,14
usa,14
oceana,14
Forwading S.A. de C.V.,14
Senegal Coast Oyj Motorboat,1
762833,1
498817,1
Rhonda Johnson,1
Spy,1
Meghan Wolfe,8
Kristin Davidson,8
7529,8
90254947,8
Sierra Henderson,8
Joseph Johnson,8
Zachary Petersen,8
Patricia Byrd,8
Jeffrey Curry,8
Jeremy Jackson,8
Chinook,6
5e6b70db-a04a-4440-8991-3a92b5c4ac4d,13
OceanicOrigin Foods River AG Marine ecology,9
54056,15
da75877e-ec57-42cc-82b9-de68c8d333e7,12
Sharon Townsend,12
Bonnie Perez,8
Angela Navarro,11
Susan Porter,8
Stephen Evans,8
662290,6
23550059-88d4-4a69-b74e-3c7de8bf56de,8
Ã¢Â€ÂœdegradedÃ¢,8
Miss Angel Thomas,8
Amanda Mitchell,8
Courtney Evans,5
MexicoÃ¢Â€Â™s YucatÃƒ,5
Hannah Taylor,5
1196cfc8-175c-465b-aee9-fbf74c81aa49,8
87,8
NiÃƒÂ±o,8
Judy Johns,8
Ã¢Â€ÂœpioneersÃ¢,8
Ã¢Â€Âœzombie,8
embaÃƒÂºba,8
Kenneth Jones,8
Scott Brown,8
past yearÃ¢Â€Â™s,8
Arctic,8
6338,8
7a58f899-3e43-4b94-a64b-d5ab31a6055b,8
Daniel Shaffer,1
Thomas Rivas,11
66030248,9
20571414,9
31894357,9
363355,9
Jasmine Camacho,9
Ã¢Â€Âœespecially,9
871,9
James Scott,9
Krista Harris,9
Ã¢Â€Âœeverything,9
981038,14
Punjab Market Marine sanctuary ship,1
9237588,1
Brandi White,1
Christopher Benitez,1
The Pew Charitable TrustsÃ¢,1
32416483,1
Jerry Montgomery,14
Donna Webb,8
Miguel Harrison,12
4843b052-8f18-4298-9464-d780feb5ddad,7
1402,1
17,1
150674265,1
25125567,0
Parker Jones,15
David Nunez MD,15
33681303,4
60017,4
56126935,1
Grace Perez,15
Travis Rivera,15
Christopher Daniel,1
Matthew Anderson,5
Aqua Ambassadors Limited Liability Company,5
Kagera River  GmbH & Co. KG Delivery,5
Sea Luxe Oceanography Kga Transportation,5
Kristine Vaughn,11
Melissa Gonzales,1
Sierra Vincent,1
8350379,1
164,15
496391,11
8afc9cb6-edf5-4a7d-9a02-054444a5604e,10
Crystal Smith,10
Willie Hill,10
30,10
Kristi Ryan,10
Michael Vazquez,10
Christian Quinn,10
Nichole West,10
Ã¢Â€Â˜This,10
James Andrews,10
Christine Jones,15
Ã¢Â€Âœcriminally,15
Terry Mcknight,15
Ã¯Â¬Âsh,5
55674,6
Ms. Brittany Murray,6
Robert Adams,1
Brandon Jackson,1
Alyssa Mccoy,1
Michael Baker,1
Ã¢Â€Âœshark finÃ¢,1
b24194ae-69ad-4e6c-be29-787c215cde65,6
MongabayÃ¢Â€Â™s,6
Sara Jenkins,6
19a4297e-2d2b-47c0-9dce-816148a16f4e,6
Fresh Atlantic,6
7908385,5
691192,5
243964,5
Khundu Ltd. Liability Co,1
e13aca6a-88b5-4be7-a293-4a57854d7b1d,1
Allison Leonard,1
482048,11
Bethany Wright,10
Costa del Mar S.p.A.,10
Jennifer Meyers,10
Bruce Brooks,8
13592,0
OJSC Ltd. Liability Co,0
3016,0
567,0
341853,0
Dawn Sanchez,12
Donna Davis,12
Ronnie Gates,12
Amy Wise,14
Jennifer Reilly,14
Krystal Lee,14
ARA Contraalmirante Cordero,14
Romero Oyster NV Carriers,14
Ryabikova,7
brianbushard,14
Ã¢Â€Âœbracatinga,6
meridaÃ¢,6
13d79d632036,15
706129,3
Puerta,3
3528,9
43247945,9
1da2bc5a-e590-41c9-9982-2ade48dfc426,0
842229565,3
Dylan Roberts,11
Hang,11
cd2685a2-fce5-49ee-8ca7-b9faa081d190,1
LC,1
boat,12
Michelle Hancock,12
Katherine Chavez,12
Next Day,12
16778128-07fa-46dd-b229-b0c2e2233602,12
Kathy Rodriguez,12
950296,4
2793,4
Martin Bell,4
Seaside Sojourns A/S Shipping,4
Oceans,0
Ã¢Â€ÂœconservativeÃ¢,0
7c54563c-577c-462f-8e30-389b510c776a,1
Morning,1
Jennifer Simmons,1
72899187-0989-47fa-9db0-cd1d4c3fc4e3,1
Ã¢Â€ÂœFrontlineÃ¢,9
35679,9
ec1b111d-b9eb-4eef-ab00-ff7124cca480,0
254340176,14
Connor Ray,10
f4e17264-3b3c-48a6-86ba-d65622dc2f13,14
Brent Young,14
Image ArtTower,0
7328,14
61057213,0
678,1
hi xng BV Carriers,11
346281879,6
Brian Wolfe,6
1416a29d-3719-45d6-95a8-782c4e281908,14
VyoummBnVY,14
da243ebe-ea98-4510-a6a8-add6679f9d1a,14
8041aa28-8c50-4083-a528-469c0c6251d9,6
Frank Guzman,6
34f0cbbf-83c3-4e09-ad7a-b94a778f7c12,1
Madison Edwards,15
xu y Ltd. Corporation,12
Fin Flair Pic Delivery,12
21724,15
Ã¢Â€Âœhigh,15
Ã¢Â€ÂœwidespreadÃ¢,15
David Mcfarland,15
Ryan Jones,15
Patrick Cannon,15
Ann Nelson,15
492238508,0
Anita Tate,0
Ã¢Â€ÂœCinder,0
PitÃ¢,0
Kariba Dam  N.V. Brothers,0
Audrey Romero,14
13,1
36b70b18-465a-442f-bfbe-cedb85d48acc,1
reefers,3
Tuna Vietnam,3
54,13
87648111,13
metric,13
46aadaa6-fb30-4474-a060-3adb689f4189,13
Maru,6
Jo Francis,11
Stephanie Thompson,11
c682ec16-cd10-4a6c-94ce-4a5eb590b42e,6
Mitsubishi,6
Michele Hernandez,6
Mary Castillo,6
Stephanie Quinn,14
9590898,0
Joshua Garrett,0
95230042,0
3308429,0
4657860,14
7234,14
Mary Jenkins,3
Nicole Smith,3
Justin Fowler,3
120,3
2422788,3
Marine Foods,3
MCDP,3
c97073d1-61a4-4a06-a189-8b4642a699e1,3
9992346,3
227,3
3782,14
7441,6
Fisheries Animal IndustriesÃ¢,6
64863263,14
Agua TransiciÃƒÂ³n EcolÃƒÂ³gica,14
Arunachal Pradesh Sp Marine mist,14
Chuan gou Corporation Transportation,14
Cynthia Byrd,1
Christopher Hernandez,5
58666504,14
70347729,14
613465161,1
Mary Montoya,13
Madison Franklin,13
Rapido beam trawler,13
Ã¢Â€ÂœAs,14
Jessica Owens,1
8732,11
44396,11
6038,0
Chris Grant,4
67909,0
1012,3
Katelyn Gibson,6
Zachary Jordan,6
holesÃ¢,6
724,3
824,13
William Williams,13
Vicki Owen,13
292bf7d9-d86c-411d-9a85-da0cb4535e22,13
Michelle Herring,13
Nautical Navigators Kga United,15
Kimberly Lopez,15
1f899410-3447-48e7-bcb3-cbff10619e86,1
James Hernandez,1
39048624,1
river,1
945632766,1
Lauren Jackson DDS,5
Ã¯Â¬Âshes,5
Darren Wilson,15
Andrew Miller,15
2038650116,15
Erica Cisneros,11
Meghan Kim,11
17592,15
313441257,1
42258,13
506986590,3
7321,3
272735814,8
Dry Creek Marine sanctuary,9
Wesley Woods,9
Philip Black,11
7548555,14
Ocean Patrol,14
ARA Bouchard,14
Richard Douglas,14
Maria Horton,11
461553,0
538991,8
Ã¢Â€ÂœPokÃƒÂ©mon,1
Rebecca Fox,1
Charles OJSC Marine conservation,1
d6968538-6f18-4a1c-a4e2-59de3c0e25c2,15
James Sampson,1
Debra Hebert,1
8651344,1
23636990,8
996,8
81661977,8
24189,11
216,3
James Carr,3
Daniel Burton,3
Susan Mendoza,3
64365043,14
06c161ac-e601-493f-b8df-839382e16a74,1
e5e2e269-ccc5-4e16-88a8-e909c1fa32db,5
458785,5
4258240,7
73921,7
Julie Parks,1
891,0
a96730cc-485e-46be-aba4-339442bacd8d,0
DDG,0
a7948099-0cab-4b80-8707-2ada931ac288,0
USS Hurricane,3
1559,1
39033859,3
Tara Hanson,3
Briana Johnson,0
29481,0
6126134,10
595038316,10
673431,10
Ã¢Â€ÂœinconsistenciesÃ¢,6
7480,1
4769248,9
3015,9
2679,9
97836b65-db6a-43bf-9467-cf57d84645ff,1
Anthony Le,11
Tonya Key,11
Michael Wagner,15
Jennifer Thompson,5
Hannah Chandler,11
ecf18ac9-a773-43a0-98c8-cdd264565b2f,6
The Salty Dog CJSC,12
Dr. Michelle Dominguez,1
Paul Holloway,5
Matthew White,5
Mar del Norte Ferry,7
Gabriela Graham,1
Joseph Newman,12
Nathan Murray,15
Susan Williamson,7
91,5
Playa de la Felicidad NV,1
Jennifer Barber,5
Ryan Hudson,5
20,11
74211169,11
7810241,11
34487,11
Robert Schaefer,14
3553,11
72875,0
Heidi Kline,4
Nicholas Dennis,13
49048884,13
9612243,13
24641639,13
0ae94787-4593-4139-848d-9174ea13ac23,13
45ff391d-0f6a-4ee4-abe6-8b06d07dbfd6,13
0d1c7ce3-7243-47c0-9280-a3262b52dc0f,5
Hudsons Bay,5
618,13
1354,7
5865,7
1625166,12
7f3d323d-54e3-49f8-9c28-7aa5cb4c7248,13
Diane Hughes,13
413760,13
3369,13
Mar de Estrellas Oyj Carriers,13
6d345854-f864-4194-85d2-047e66332dca,13
Group Co Marine life,13
Marvin White,13
11,12
Tanner Smith,12
Emily Bailey,12
60774,1
Michael Bullock,7
HMAS,7
2114,6
34020206,6
Scott Wallace,4
Ã¢Â‚Â¬7,4
Sampath,11
Anna Johnson,11
Michele Black,11
760219951,3
36744944,15
6b58646e-1d3a-4b72-b8a0-9f57c296d73d,1
8226730,14
5b199218-6513-430b-8e56-8aa1d83456a3,14
75,14
cc6cf3e0-5794-4497-a31d-79b4db1b55a9,1
9280,1
USINC,10
55301,5
Game ThiefÃ¢,5
604905,13
784221,13
The Ashey,13
ae19b5a7-4f70-4366-98ad-819e3009aeca,13
64c45541-e00b-423c-bc7d-238aa3a4d3ad,13
Sabrina Merritt,12
David Seabed Inc Consulting,13
Ã¢Â€ÂœHSIÃ¢,10
27d0dfe7-186c-4016-8f47-40c71e30f48a,10
9345,4
Dark Web Vendor Illegal Narcotics,10
Heroin Cocaine Exchange Bitcoin,10
59662085,10
374585759,10
Brett Moss,10
Ã¢Â€ÂœPublic Loaders,10
82462633,0
summer,8
Tracy Smith,8
Rajasthan Limited Liability Company,8
Samuel Stokes,5
47234884,6
c82d3e99-b297-484e-a28a-76cba8d515cc,6
307,10
Luis Douglas,1
Seashell Sanctum SRL Transport,1
Coastal Crusaders Kga Worldwide,1
Teresa Gardner,12
14525ad3-213a-406d-8e3e-64213f0be171,12
Trevor Brown,6
Kimberly Roberts,6
Ricky Holland,5
Lydia Day,5
Nichole Kline,5
Ryan Rich,5
650749,5
Shawna Welch,14
89526932,4
c66f5cd5-3891-43ce-a3f8-0147b3d643b1,1
Frederick Harris,14
30141220,14
90192265,14
23f52980-e4f4-43da-ac02-9c1eef637751,14
Natalie Gill,14
245658,0
552027385,0
Brian Stevens,5
4183208,12
FV,6
Gary Crawford PhD,6
FV Snake,6
FV Viking,6
FV Thunder,6
da7677f8-d1f0-4e35-afe9-4240613e866b,4
Rhonda Sullivan,4
Adam Gutierrez,1
Gregory Carter,1
555,1
yearbook2034,1
Stacy Castillo,12
84616,1
528,1
Guaranteed Income Program New Parents 2035,7
88e9e7e8-3edf-4fd4-959d-8ec4f53e59d6,1
e09b64a2-397a-4bec-96a1-7d61479fe37a,1
Miranda Small,1
Tyler Blanchard,4
4562fe84-0188-47fd-8e27-67380da0079c,1
Aine,1
4086,1
William Murray,1
5025f249-0b3c-4741-a7aa-090d93395acf,1
4146760,1
26,1
aac2c35c-d06d-45df-a1f8-a0c4001f3897,1
Lindsey Barr,1
Laura Joseph,7
Candice Brown,1
83241316,1
Bulk Carrier,1
8bdf21e8-914b-4fe2-9280-0a69b9b0175d,10
Nathaniel Shah,1
Juan Mckinney,1
Tyler Turner,1
Noah Mitchell,1
715490,5
Jharkhand s GmbH & Co. KG,1
Jonathan Moody,1
Ã¢Â€ÂœSewardÃ¢Â€Â™s FollyÃ¢,1
683113035,1
th,1
ItaquaÃƒ,1
Margaret Ward,1
Phillips,1
Brittany Brewer,1
3342,4
354,4
Ã¢Â€ÂœElquiÃ¢,4
3868221,4
Rebecca Coleman,4
Richard Bowers,6
1bf22b98-519c-4131-8bb4-53ecdd193100,1
Brandon Calderon,14
Daniel Butler,14
6406914,14
47698,4
10880329,1
ParÃƒÂ¡Ã¢Â€Â™s,0
e941d006-6590-4143-9d0d-12926b0b6f5c,4
Ricardo Gomez,5
The Salty Dog Tidepool Kga Transport,5
14 months,5
Ã¢Â€ÂœMoby-DickÃ¢,5
Amanda Santana,5
Dana Macias,5
Candace Burnett,5
721436,5
Ã¢Â€ÂœProPublicaÃ¢,9
Ã¢Â€Âœcatch,0
Ã¢Â€Âœtotal,0
Manipur Market AG Consultants,15
04eab3c4-ed99-467b-8844-b5279a6b955e,1
Shona Barracuda AB Worldwide,9
Olivia Bradshaw,9
461541,9
Ã¢Â€ÂœyesterdayÃ¢,1
Ã¢Â€Âœlast week,1
Ã¢Â€ÂœPortlandÃ¢,1
Bradley Murphy,15
369,15
Brenda Cox,12
Samantha Manning,12
4Ã¢Â€Â‰ÃƒÂ—Ã¢Â€Â‰15Ã¢,1
Ã¢Â€Â‰60,1
diesel,1
bottom otter trawler,1
495035052,13
25,13
60910422,13
da91eeb8-11f7-4634-95e7-f9413e9957aa,1
Stephen Peterson,1
779,1
2673,1
5383294,1
762165,1
428,3
Rachel Campbell,10
PinduoduoÃ¢Â€Â™s,10
AuraÃ¢Â€Â™s,10
Gregory Marsh,10
Sarah Allen,10
Brittney Rice,10
Ashley Long,10
419,10
McGovern BBB,10
2573803,10
ffc679cd-57ac-4846-b023-8be73ca754fa,1
FlodstrÃƒ,1
449,14
Michelle,12
72212757,14
Anna Ortiz,14
Daniel Roberts,1
85b8a8cf-7f07-4bab-8b44-1d79940aab8d,1
41713,1
John Murray,1
900338,0
813be272-d3de-43c9-90be-ab14231fcf17,11
Ã¢Â€ÂœSay,11
Scott Simpson,11
3857345,6
203,11
9838,3
Irtysh - Inc Distribution,1
Boston,10
Bobby Walker,5
221942,11
634ac4e7-12af-494f-95f5-cd853363525f,14
112156579,7
Fresh On Time Seafood,7
327277616,11
Benjamin Barton,11
f85f009e-0fa0-403a-845e-64198883bf34,1
Faroe Islands Halibut A/S,1
9238420,1
70109,15
underwater,1
operated vehicle,1
Laura Hughes,3
Amanda Dean,3
382825160,3
13249468,4
94361818,5
Krystal Foster,14
Roger Smith,14
37992687,9
303934,9
df76b4cf-1019-4768-93cd-27122ef3bacc,5
Blake Smith,15
42990314,15
1338687,3
507684,3
ams.usda,3
Ã¢Â€ÂœpoachedÃ¢,1
34757443,12
David Wilson,12
Matthew Mack,12
Robert Goodman,5
Mary Durham,12
34285153,14
805275,5
Diao yu bi sai Tidal BV Export,1
Christina Abbott,1
519443204,15
3394552,15
Brittany Kane,1
MarsÃ¢,1
bd16ff21-2da0-4ad7-8aec-d04a28b61277,1
whales,0
Michelle Campbell,0
806,1
Spaceflight,13
e95a9547-3611-4e86-adbe-9aa55dbff21f,13
416dab02-bf67-48af-a99b-c691339dc5e0,0
25a765f4-b6d0-4588-9a7a-0798de847cfd,0
0a715a76-de97-4cc3-80a3-4dcbfa740079,0
Wendy Miller,0
Danielle Sosa,3
Jerry Miller,3
15758645,4
9697,4
Dakota Flores,12
Ã¢Â€ÂÃ¢Â€Â¯The,12
428949,11
Jennifer Washington,3
Peter Bush,3
Robin Fernandez,3
66,3
408603,12
65872b93-db53-4445-a72e-8f84b3d7edfc,10
Kendra Owens,10
620019,13
45361487,13
Vehicle Land,12
Matthew Sutton,15
18404231,15
96c31987-d50d-4680-9397-2a9d0e3946e1,4
Ariel Thornton,1
Orange River  AS Logistics,1
95291001,14
wheeler,1
570683,1
John Obrien,15
bulker,6
7914,6
Traci Shields,7
Joseph Smith,7
Dr. Gregory Rice,7
Jared Martinez,7
Daniel Henderson,7
Breanna Welch DDS,7
923825740,7
Darin Torres,0
Kevin Morris,0
Tracy Rogers,6
East,11
Uber Connect,1
Pb Brasil Industries,6
past years,12
33,12
cdc89aad-5d8c-48bf-b155-81d2a932782b,0
af9758b0-e4f9-4e08-8dd9-09abc903e4b5,0
Deep Sea Atlantic NV,0
969368807,13
89,9
35282,9
207618139,9
Hunt,14
0efa50f3-533d-4775-94fa-54cd1c480587,15
fd6c1e03-d6f4-421e-a493-cdc56ae000b5,15
869422192,15
Ningbo China Base Landhau Foreign,15
542341,14
1719,14
444,14
8876768,14
Denise Vance,14
Zachary Perez,14
64778548,14
Jessica Costa,7
6659,7
Estrella del Mar Pic,7
Pontus Navigation Corp,7
Triton Navigation Corp,7
Austin Welch,7
Thai Union Seafood,7
ArtemovÃ¢Â€Â™s Ava Petroleum,7
534,7
Spanish Red Snapper GmbH Shipping,7
884332,7
982519647,7
803490608,7
Officer Pleads Guilty,7
Bribes Exchange Smuggling Contraband,7
Malawi Rift  Holdings Navigation,7
Baha de Coral OJSC Marine,7
Navigation Corp,7
John Jensen,7
401289940,7
54726,7
697844686,9
111274e2-c155-4640-9a8e-f506f3fbca06,1
2234557,13
7125,14
John Riley,14
256659459,14
Henry Lambert,12
2357762,14
3328058,14
Mathew Taylor,12
Ã¢Â€Âœbe,10
One Hongn,1
825,14
Rebecca Caldwell,14
5d1f2e9c-f74a-41e9-974f-9b4e57edc9d7,1
8b8c532f-0ca0-44cc-898c-1d776f2f457a,1
James Stewart,13
Anthony Larson,1
Debra Hall,3
su y Worldwide Shark,5
8127,5
18668050,5
fcef975b-e382-4c81-8160-41bf9e5bf937,5
Michelle Long,1
Ã¢Â€ÂœlaughableÃ¢,5
8325,10
Brian Hansen,5
2362,1
William Palmer,11
7311cf88-bac1-4ac9-a0d2-c55c02497944,11
519852438,5
Ã¢Â€ÂœlegitimateÃ¢,5
William Kim,5
Jeffrey Strong,15
Susan Williams,15
Elizabeth Jones,10
Kathryn Gomez,5
Himachal Pradesh Aquatic Plc Brothers,5
Mrs. Katherine Clark,5
233,8
Dutch Herring Inc Transportation,8
8634589,15
7260903,15
76b8e150-91b4-494d-8ef6-6af706b397eb,12
James Valencia,12
798,1
cc3c9a3e-9226-43e0-9c2e-2cabec77b0fc,1
Barry Harris,1
AttorneysÃ¢,14
Gerald Washington,4
Mar de la Vida OJSC,4
Jessica Kelly,4
Jon White,4
Kevin Burnett,4
Rebecca Walker,4
22 Raptor,4
Sean Wilson,14
218148,4
decfc924-5bdc-4fba-8bbd-bb57d8d478d9,4
Amanda Scott,4
Estrella del Mar Inc Merchants,4
Scott Johnson,15
Carlos Rose,10
CP World,10
a03df7da-c2cf-476d-a6ea-95c422969df2,10
Eric Rogers,10
Amber Green,13
Mary Clements,1
789040,13
16306,13
Covid,1
5fddadd0-71e7-4bdf-a471-daddd5f376b8,14
7ed038cd-64da-492f-a338-5c4636b91a2b,1
80774,1
4b0f0611-34ce-4733-81af-391943e272c0,6
438,6
Tammy Martin,15
71084,9
24e1e725-9a8e-489c-bbdd-0ce140fd6e3b,1
357987c8-3ecb-4e38-9f10-857007f2cd3b,1
Gelita Gelatine,1
32,12
Paul Johnson,12
88295922,12
7830,3
6d0e9c69-47a0-497e-b26e-28755c949385,1
54055,13
Tshikele Ltd. Liability Co,13
5362,5
111856,5
88b35c10-45ae-4ded-ae4a-6cad038cfd91,1
553828215,1
663,1
90be60b1-61d8-4115-b133-e4c8e09383eb,14
81211950,14
52134252,14
679399,14
3436524,14
67716449,14
e2844e89-d2d8-428d-8284-a0f2d9450a14,14
4406,14
ed114149-9468-41b4-adda-343883e79e04,1
7682,1
d6dbac2d-ba76-4503-be09-e0444b936bd0,1
73470062,1
765078,1
172279392,1
Jason Hughes,12
4852,4
Joseph Hawkins,8
739622,8
7675191,8
Michael Johnson,8
29167335,8
Meghan Johnson,8
869882172,8
Cody Baird,8
Mark Norton,14
60-day,8
73,8
William Rivera,14
Liibaan General Trading Co,14
Christopher Garrett,14
206e3508-bbef-4473-906a-88e3f17c57ae,14
db83c37f-86e4-4694-a81c-ede2a01aef71,14
RPG,14
Jesse Thompson,14
Jennifer Andrade,14
Timothy Benjamin,14
5700,14
93380783,14
8503254,5
80 Percent Arms,5
CM Nationali,5
914,1
8978,1
Brooke Collins,15
Refugee BenefitsÃ¢,15
518323906,15
Randall Newman,1
Ã¢Â€ÂœRestrainÃ¢,15
Walter Graham,15
Gabrielle Wade,15
Ã¢Â€ÂœExploitationÃ¢,15
Ã¢Â€Âœdirect,15
David Nielsen,15
Michael Hansen,10
Gina Armstrong DDS,15
Jeanne Mills,15
b1d6e468-f3c5-45f3-90a2-e76b2f329b2d,15
Brian Marsh,10
Scott Dougherty,1
Larry Morrow,15
436460757,15
siladityaray,15
8302,15
45620,1
Jammu & Kashmir ship,1
6352,15
912077,8
19285,8
176,15
80,9
94047,6
Alpha Brokersa,10
ViktorÃ¢Â€Â™s,10
Ã¢Â€ÂœoriginaldragoncoveÃ¢,10
Ã¢Â€ÂœNinoÃ¢,10
Patrick Torres,10
Scott Jones,10
5fd0447e-d890-4f62-a411-5fc17c47b969,10
Scott Villa,10
82207154,12
3657479,1
2810009,10
Sea Seekers Merchants Cruise ship,10
129461,10
Congo Rapids  Marine sanctuary GmbH & Co. KG Marine sanctuary,10
The DefendantsÃ¢,1
86ac9e66-f9e8-4f2b-ad17-39a52c23288c,1
Veronica Lowe,10
Roger Jordan,8
6ffd3349-37f4-48c5-bc9a-1b80e722e939,15
TexasÃ¢,4
Remarkable,4
05d471b4-0e8c-4879-80b2-ef600220e09d,4
Ã¢Â€ÂœcommissionÃ¢,6
Jeremy Jarvis,6
John Brown,6
8251198,6
327572963,6
151159036,6
Terry Conley,10
Znamensk Eel LLC United,6
PÃƒ,6
Sisdof/Sinaflor,6
tio MPFÃ¢Â€Â™s Special Action Group Combat Organized Crime,6
51354617,6
82651,8
2ec12718-97bf-45a6-aff5-2d1b9b11d29a,14
Chelsey Woodard,10
Michael Alvarez,10
Elizabeth Shah,10
Gregory Williams,10
William Daniel,10
Timothy Hampton,10
Tammy Garcia,6
72630,1
Richard Smith,10
Jennifer Rivera,10
2912063,10
Estrella de la Costa  Consultants,10
Ashley Johnson,3
a51f21a5-b410-4000-ada4-086bd2e65cb6,3
558,6
Nagaland Sea Ltd. Liability Co &,6
Timothy Austin,6
17353795,6
Matthew Flores,6
Ã¢Â€ÂœadjustingÃ¢,6
James Knight,6
ZerzaÃ¢Â€Â™s,15
352,1
In month,1
Mr. Justin Bailey MD,3
Nicholas Nguyen,13
Vincent Cummings,1
109071721,14
James Thomas,11
Ã¢Â€ÂœillegalÃ¢,6
Gambia River  GmbH & Co. KG and,9
422,9
Playa de Coral Oyj International,9
400,1
2430986,1
92533,13
SeaSelect Foods Corp Dry dock,6
8269,6
Vanessa Chandler,6
64545,6
MenardsÃ¢,6
3383,6
Jason Garcia,15
Melissa Gonzalez,15
Ã¢Â€ÂœtigerÃ¢,8
Sharon Williams,8
Donald Thomas,8
Rebecca Anderson,8
Thomas Johnson,8
Jorge Davidson,8
176729,1
958644,1
Miranda Smith,8
Ã¢Â€ÂœminingÃ¢,8
76104890,8
Christopher Fields,14
David Romero,1
Tamara Tyler,12
Elizabeth Armstrong,5
Melissa Brock,5
51470600,10
719,10
7423,10
74026296,10
649,10
Donna Green,9
Dean Reyes,9
96049794,7
truck,12
d6d0741c-39d9-4b94-8b39-b5d2ad1669b9,12
Thomas Watkins,6
Joshua Park,4
drayage companies,4
455617,0
836,13
12358151,0
62532,3
649009867,3
Carmen Mendez,3
359755772,1
7577,1
1263250,1
dffd75ca-7510-403d-a6a0-f904b0c7b41d,1
61208e37-a326-4cf5-a571-f8bdd6f2dbf7,1
675d95eb-69b7-4f8a-bd4e-af2cf4def162,1
ffb63251-ebdc-4346-b3a4-ef1515310806,1
Ã¢Â€ÂœDuare RationÃ¢,9
b400d237-4d56-4de8-917a-8e7654ccf315,1
2eeca6e0-f5a7-4b9d-8b3e-ada56d140e36,15
Jose Parker,15
cd7cb49f-0021-4fe9-a3a9-cc8b3fce0c57,1
404,3
Eddie Alexander,8
David Schwartz,8
Yeezy,8
0223707c-6754-4419-acb2-510377eadd60,9
d37a5a00-fca1-4753-890c-6975c311dc3f,12
Bryan King,1
Kevin Daniel,1
Lucas Williamson,1
2330,14
812137,14
386,1
d09a6a69-eed5-4057-9f96-dcf4c9cf4d88,1
Lisa Lewis,1
Manuel Hess,1
Brandon Stone,9
Seth Benjamin,9
3874,9
Tonya Frazier,9
Tom Bauer,1
Leslie Wood,12
4524860,6
three-hour,6
59409,7
24996,1
Christopher Moore,0
Caspian Sea  Sea Corporation Freight ,14
69007292,13
Gina Knox,9
Storm,1
Diane Forbes,14
Dawn Robinson,14
Playa del Cielo  Marine,8
99,8
8832615,8
Eric Roman,1
1f8c20da-5f20-4116-907a-a653089bb8a0,8
5199,9
88d63621-4f58-4c7e-a02d-589cefb3a6be,1
Diane Young,1
72092,0
Vessels,14
Martin Jones,1
Chad Ruiz,1
687878,1
368951,1
c0ce6d15-622b-42a3-b892-f5efe5b4d00c,1
a086a63d-19c7-4241-845a-f82c628d09a2,1
6071877,11
93ac5fec-5f52-4431-a3ff-91430a8062f6,11
753589537,9
Spanish Co & Son's,9
332bb88e-0a63-41e3-8a27-87795fd552e9,1
course years,1
Joshua Huang,13
440,5
601882545,1
88651,1
William Taylor,4
4294544a-9643-4cfd-97a0-ac656cb17e60,5
Charlotte Lopez,10
86034444,15
214883455,5
c8026923-944a-4155-b2ec-e160135e0c47,0
58cf758d-a6f2-48ba-ac0c-89581ae6b4a5,11
1518,7
90c3cb48-8060-4a55-804c-710044d19487,12
2ed68d75-994e-43dd-b326-a2adfa540562,12
Michelle Evans,12
James Garcia,4
Estrella del Sol LLC,5
Ã¢Â€ÂœEntirely,5
Terri Rodriguez,1
Scania Seafaring SRL Express,0
868626239,4
Margaret Hodges,1
5334,9
437212,9
Diana Dawson,1
613556,15
Aicrowe Biotech Co,7
979294,1
25222883,7
AirPods,1
6 Ray LLC Enterprises,1
Danish Lobster Ltd. Liability Co,14
076,14
30880,5
Travis Sparks,1
Deborah Porter DDS,1
70720996,14
42627990,14
Alexis Smith,13
38111,8
e631b105-4953-43e1-8d37-a3ab5dd3d860,10
Karen Delgado,6
Frederick Taylor,12
ae88562c-5c39-4c15-b128-b4f67f5e5812,6
0715f2ea-3d11-4eaa-a0c4-fb3290896531,6
897,6
David Weber,6
dec69ea4-1c0c-4b31-b6fe-7d0c7e4b8fd9,6
Ã¢Â€Â˜AwachaÃ¢,6
Brandon Hughes,6
3eed159b-e98e-4f8a-98c2-c34341435411,1
Curtis Grant,1
FishEye International,4
Logistics,4
C Express,4
Welding,3
114d2882-b620-4098-bb56-d865bbb85339,0
Nile Crocodile Deep-sea Oyj Brothers,6
Rose,1
1301719,1
Laurie Clark,1
Jennifer Brown,1
Rhonda Price,1
Ã¢Â€Â˜greenÃ¢,1
Carol Wade,1
Sylvia Johnson,1
Wanda Collins,1
b8649055-5b40-43e1-ba33-93182cf978d4,1
Caleb Webster,8
Ã¢Â€Â˜PartnersÃ¢,1
Ã¢Â€ÂœunregulatedÃ¢,1
water fishing,1
109746,14
874124852,1
36,1
Snow Crab,1
Lindsey Conway,1
Blue Water Ventures Kga,1
Danish Lobster Limited Liability Company Brothers,1
Patricia Flores,1
14636,1
Bloomberg Law,1
Ã¢Â€Â˜exemplaryÃ¢,1
FiTIÃ¢Â€Â™s,14
Jill Boyd,8
Salles Operation Handroanthus,8
Jennifer Wilson MD,8
Blue Water Ventures Ltd. Liability Co,8
Ms. Jenna Gonzalez MD,0
Finest Ltd. Liability Co United,11
America,13
8513,1
Getis-Ord,0
Lake Nyasa Ltd. Corporation,14
Brandon Berger,1
SaltwaterSavor Shipyard LC Merchants,1
Blue Bay,14
f383ad5f-7949-495e-8427-556b64decaca,1
Michelle Aguilar,1
e0cdfc51-7473-481d-8900-03f66d6e359e,5
II,13
Single Seafood,12
Stock SA,1
Mount Kenya Estuary Sp Holdings,1
Estrella del Mar Plc,6
6185842,14
3 Ltd. Liability Co,0
Lf Beauty,9
Surf and Sea International Tidepool,8
Rickard shrimp,1
STL,1
Green,13
Farmers,14
Prod,13
Savaneta Corporation Marine life,11
Michael Limited Liability Company,1
Teion Internationala,15
Ã¢Â€ÂœUS,0
intrafish,0
Basketball,1
0fab17df-2c08-46b6-8ce9-b13b3a60ff3d,1
Ocean Packers,11
Improvised Anti,12
Ste,14
French Ltd. Corporation Surfboard,14
Andhra Pradesh  Investment Dry dock,6
gu y LC Shipping,10
Sp,7
Memphis Women,1
Evergreen,9
Lake Tanganyika Sea AS Shipping,6
Kores De Venezuela C A,11
Faroe Islands Plc Investment,1
East Ltd. Corporation Investment,4
Dr. Christina Jensen DDS,4
Dispenseroo,1
MV,15
NFTs,8
Cargo Systemsi,12
Ronald,4
Spanish Shrimp Sp Brothers,10
Tajima Industrues Ltd,10
IndÃƒÂºstria Madeireira Uliana,1
Sms,8
Semas 260 Rural,14
Dolphin Dreams S.A. de C.V. Seafood,15
Sikkim S.A. de C.V.,10
thirty days,8
Kagera River  Company Solutions,1
Marmooska Shipyard Sagl United,1
Leo,10
Haryana s Ltd. Corporation Carriers,5
Felbab-Brown,1
OzonActionÃ¢Â€Â™s,5
Ocano del Este SE,1
Malabar Sea Catch Sp,14
