id,type
12744,organization
7775,organization
1017141,organization
2591586,organization
21323516,organization
Ã¢Â€ÂœvictimÃ¢,Uncategorized
Ã¢Â€ÂœperpetratorÃ¢,Uncategorized
8561,organization
Ã¢Â€Å Ã¢,Uncategorized
853949688,organization
650512,organization
8,organization
172711,organization
Saltwater Solitude GmbH & Co. KG,company
PRK,Uncategorized
Ã¢Â€ÂœVikingÃ¢,Uncategorized
506,organization
Ã¢Â€ÂœregularÃ¢,Uncategorized
2079436,organization
589,organization
967900443,organization
4975,organization
7282284,organization
860067396,organization
664738735,organization
457009514,organization
6043477,organization
99575926,organization
955425,organization
132,organization
Ã¢Â€Âœ8Ã¢,Uncategorized
Ã¢Â€Âœrefer,Uncategorized
Ã¢Â€Âœ10Ã¢,Uncategorized
245,organization
Ã¢Â€Â˜NoticesÃ¢Â€Â™Ã¢,Uncategorized
265700083,organization
86597,organization
610,organization
4063,organization
740523,organization
2,organization
72,organization
35881,organization
775298545,organization
26676370,organization
Viento Azul Harbor LLC Investment,company
5,organization
21,organization
6,organization
9,organization
8698,organization
964,organization
93873119,organization
97453782,organization
71835024,organization
78590886,organization
7209,organization
79139,organization
78135,organization
5810,organization
704138011,organization
84616,organization
66538530,organization
12731,organization
58,organization
Armed RobberyÃ¢,Uncategorized
76,organization
Ã¢Â€ÂœunregulatedÃ¢,Uncategorized
12,organization
27,organization
Turkish Sword Buoy Incorporated Forwading,company
498817,organization
2989,organization
26,organization
21538,organization
237659945,organization
68703341,organization
301,organization
9203,organization
3878194,organization
ConventionÃ¢,Uncategorized
monthsÃ¢,Uncategorized
94,organization
760079,organization
3009706,organization
80191,organization
449308,organization
28,organization
23777,organization
426469,organization
494197,organization
26261586,organization
7361,organization
85052185,organization
48605,organization
8412071,organization
439861274,organization
5848,organization
15785056,organization
277983365,organization
26431,organization
3785,organization
164575,organization
1396,organization
9612243,organization
189,Uncategorized
07,Uncategorized
737205,organization
5705060,organization
959,organization
Ã¢Â€ÂœnecessaryÃ¢,Uncategorized
883320938,organization
2198,organization
Norwegian Shrimp Ltd. Liability Co,company
47924922,organization
Ã¢Â€ÂœlocalÃ¢,Uncategorized
Leominster ProvincetownÃ¢,Uncategorized
53073557,organization
31408,organization
28064,organization
70873,organization
90562,organization
410,organization
47562016,organization
87940,organization
5639000,organization
Playa de la Luna Ltd. Corporation,company
304,organization
672,organization
44,organization
41,organization
46510923,organization
9699687,organization
31,organization
4526320,organization
98748,organization
50,organization
5495,organization
8327,organization
222848436,organization
175,organization
78565892,organization
4146760,organization
812740593,organization
4764109,organization
761,organization
Ã¢Â€Â˜devil vesselsÃ¢,Uncategorized
Å“Ã†ÂŸÃ¯,Uncategorized
Å“e1PÃ¯,Uncategorized
Å“e1PÃ¯Â¿Å“PÃ¯,Uncategorized
Å“PÃ¯,Uncategorized
Å“Ã­Â“ÂƒÃ¯,Uncategorized
Å“XuÃ¯,Uncategorized
Å“ÃÂ£Ã¯,Uncategorized
Å“8p,Uncategorized
Å“k,Uncategorized
Å“PjÃ¯,Uncategorized
Å“ÃÂ–Ã¯,Uncategorized
Å“B,Uncategorized
Å“lÃÂuÃ¯,Uncategorized
iJPkÃ¯,Uncategorized
Å“5Ã¯,Uncategorized
Å“Ã¯,Uncategorized
Å“DdÃ¯,Uncategorized
Ã†ÂƒÃ¯,Uncategorized
Å“gÃ¯,Uncategorized
pÃ¯Â¿Å“Ã¯,Uncategorized
Å“Ã¯Â¿Å“Ã¯,Uncategorized
KÃ¯,Uncategorized
Å“iÃ¯,Uncategorized
qÃ¯Â¿Å“Ã®,Uncategorized
Å“GuÃ¯,Uncategorized
Å“Pm6,Uncategorized
Å“z,Uncategorized
Å“NÃ¯,Uncategorized
Å“ÃÂ’Ã¯,Uncategorized
Å“bjNnnÃ¯,Uncategorized
Å“LÃ¯,Uncategorized
Å“ÃŸ,Uncategorized
Å“5Ã¯,Uncategorized
Ã‰Âd,Uncategorized
LÃ¯,Uncategorized
Å“jOÃ‘,Uncategorized
Å“Y,Uncategorized
Å“nOÃ¯,Uncategorized
NÃ¯,Uncategorized
Å“zÃ¯,Uncategorized
Å“X,Uncategorized
Å“Ã’Å’ipÃ¯,Uncategorized
Å“MSssÃ¯,Uncategorized
Å“x,Uncategorized
Å“VÃ¯,Uncategorized
Å“UkÃ¯,Uncategorized
Å“mÃ¯Â¿Å“dÃ¯,Uncategorized
Å“mÃ§Â„Â¢kÃ¯,Uncategorized
Å“mÃ§Â„Â¢kÃ¯Â¿Å“F1Ã¯,Uncategorized
Å“F1Ã¯,Uncategorized
Å“F1Ã¯Â¿Å“F,Uncategorized
544344,organization
2056,organization
95219,organization
579919,organization
262157542,organization
46194,organization
826273,organization
951,organization
911,organization
9204971,organization
2230601,organization
36295,organization
60253,organization
109746,organization
13015105,organization
Costa del Mar Oyj Hijiki,company
1334578,organization
43,organization
3601920,organization
435978092,organization
europeansting,Uncategorized
Jammu & Kashmir Ltd Family,company
35683821,organization
1465792,organization
366,organization
85946,organization
172114,organization
657,organization
87339689,organization
760402,organization
737137552,organization
11960055,organization
25423,organization
Cape of Good Hope  Oyj,company
LOMÃƒ,Uncategorized
874124852,organization
StatesÃ¢,Uncategorized
4382,organization
7320771,organization
94760735,organization
Playa del Mar Caviar,company
Aleut Community St,Uncategorized
Ã¢Â€ÂœSewardÃ¢Â€Â™s FollyÃ¢,Uncategorized
AlaÃ„Âum KanuuxÃŒ,Uncategorized
Zambezi Rapids NV Brothers,company
25652724,organization
430,organization
2421,organization
7413,organization
937182447,organization
861,organization
883290144,organization
859375359,organization
52,organization
42603647,organization
8544797,organization
5070599,organization
8966,organization
39,organization
45,organization
17 Sept,Uncategorized
505943,organization
90183,organization
7871,organization
7247721,organization
22,organization
Ã¢Â€Â˜greenÃ¢,Uncategorized
36,organization
DiÃƒ,Uncategorized
logo,Uncategorized
8609,organization
27641046,organization
324989705,organization
5415,organization
9473,organization
528,organization
ipoa-iuu,Uncategorized
Think Tank Index ReportÃ¢,Uncategorized
upenn,Uncategorized
edu,Uncategorized
imo,Uncategorized
890,organization
Ã¢Â€ÂœU,Uncategorized
Senegal Coast Oyj Motorboat,company
762833,organization
84,organization
7529,organization
90254947,organization
591787,organization
Ã¢Â€ÂœsinkÃ¢,Uncategorized
Playa de Coral GmbH Consultants,company
Ã¢Â€ÂœdegradedÃ¢,Uncategorized
MexicoÃ¢Â€Â™s YucatÃƒ,Uncategorized
87,organization
Ã¢Â€ÂœpioneersÃ¢,Uncategorized
Ã¢Â€Âœzombie,Uncategorized
38111,organization
66030248,organization
20571414,organization
31894357,organization
363355,organization
387674,organization
The Pew Charitable TrustsÃ¢,Uncategorized
1402,organization
2573803,organization
56126935,organization
Ã¢Â€ÂœcollaborativeÃ¢,Uncategorized
1301719,organization
496391,organization
7539428,organization
28379,organization
958085,organization
Diao er Ltd. Corporation Transport,company
519994690,organization
691192,organization
243964,organization
Turkish Sword Ltd Export,company
441,organization
482048,organization
70,organization
56,organization
621770,organization
3016,organization
98703,organization
314,organization
567,organization
990,organization
341853,organization
13592,organization
Marine Mermaids CJSC Marine biology,company
14,organization
4698,organization
89734,organization
491,organization
3528,organization
43247945,organization
842229565,organization
41695239,organization
489,organization
GalÃƒ,Uncategorized
4759,organization
833355,organization
2983,organization
613281364,organization
92,organization
801809,organization
32416483,organization
7328,organization
OceanicOrigin Foods Co and Son's,company
71317,organization
852015,organization
65,organization
58745,organization
1972868,organization
61057213,organization
653,organization
18,organization
24641639,organization
678,organization
6393,organization
346281879,organization
341,organization
8950,organization
Ã¢Â€ÂœpresumedÃ¢,Uncategorized
685607,organization
xu y Ltd. Corporation,company
21724,organization
Ã¢Â€ÂœwidespreadÃ¢,Uncategorized
Ã¢Â€Â˜protectedÃ¢,Uncategorized
30700925,organization
58623386,organization
492238508,organization
4447143,organization
34252,organization
8494294,organization
CatchÃ¢,Uncategorized
17,organization
150674265,organization
60693571,organization
54073418,organization
830155,organization
9590898,organization
95230042,organization
21240092,organization
7234,organization
695031,organization
2508,organization
23774,organization
9992346,organization
227,organization
39893,organization
58666504,organization
70347729,organization
116070050,organization
353149780,organization
2913,organization
693436,organization
8732,organization
44396,organization
6274,organization
abc12,Uncategorized
615043,organization
67909,organization
1012,organization
724,organization
824,organization
854,organization
977,organization
39048624,organization
1853970,organization
87648111,organization
42258,organization
506986590,organization
7321,organization
647724,organization
272735814,organization
Dry Creek Marine sanctuary,company
1214936,organization
7548555,organization
38,organization
71352,organization
461553,organization
538991,organization
71,organization
Charles OJSC Marine conservation,company
Caracola Azul Limited Liability Company,company
Viento y Mar BV,company
135024,organization
38844,organization
759,organization
OceanFront Foods Co Beach,company
23636990,organization
996,organization
81661977,organization
24189,organization
216,organization
9977227,organization
64365043,organization
42,organization
16,organization
6126134,organization
595038316,organization
673431,organization
73704,organization
4769248,organization
3015,organization
Ã¢Â€ÂœdisasterÃ¢,Uncategorized
868,organization
99985383,organization
298,organization
Mar del Norte Ferry,company
4946,organization
74211169,organization
Romero Oyster NV Carriers,company
3553,organization
863749817,organization
475,organization
567217,organization
938816,organization
Ã°ÂŸÂ’ÂªÃ°ÂŸÂª,Uncategorized
5469,organization
4679,organization
Cape Verde Islands Oyj,company
11,organization
468511,organization
86,organization
60774,organization
2114,organization
34020206,organization
Fin Flair Pic Delivery,company
Sampath,Uncategorized
683962,organization
760219951,organization
734121719,organization
9357541,organization
87278,organization
75,organization
911243414,organization
United StatesÃ¢,Uncategorized
55301,organization
Game ThiefÃ¢,Uncategorized
Ã¢Â€ÂœtransshipmentÃ¢,Uncategorized
82462633,organization
5235138,organization
307,organization
Pacific Island States United StatesÃ¢,Uncategorized
territory American Samoa,Uncategorized
900,organization
Coastal Crusaders Kga Worldwide,company
Seashell Sanctum SRL Transport,company
7892,organization
8513,organization
1415,organization
3433,organization
650749,organization
holesÃ¢,Uncategorized
89526932,organization
26978247,organization
53792,organization
245658,organization
552027385,organization
Ã¢Â€ÂœconservativeÃ¢,Uncategorized
Ã¢Â€ÂœdiscriminationÃ¢,Uncategorized
555,organization
683113035,organization
th,Uncategorized
47698,organization
DECEUNINCK,Uncategorized
199,organization
23990411,organization
10880329,organization
75471,organization
82408558,organization
Manipur Market AG Consultants,company
Ã¢Â€ÂœMoby-DickÃ¢,Uncategorized
5312744,organization
34153143,organization
Ã¢Â€ÂTheoretically,Uncategorized
721436,organization
Seafreeze Ltd,Uncategorized
36033030,organization
8112222,organization
Shona Barracuda AB Worldwide,company
415053,organization
Ã¢Â€ÂœBHFÃ¢,Uncategorized
461541,organization
Ã¢Â€ÂœProPublicaÃ¢,Uncategorized
Ã¢Â€ÂœyesterdayÃ¢,Uncategorized
Ã¢Â€ÂœPortlandÃ¢,Uncategorized
4Ã¢Â€Â‰ÃƒÂ—Ã¢Â€Â‰15Ã¢,Uncategorized
Ã¢Â€Â‰60,Uncategorized
2820033,organization
1559,organization
495035052,organization
25,organization
96,organization
60910422,organization
285351,organization
779,organization
2673,organization
6185842,organization
762165,organization
428,organization
96,Uncategorized
FlodstrÃƒ,Uncategorized
700,organization
941899076,organization
520,organization
85,organization
9636,organization
449,organization
Ã¢Â€ÂœcardingÃ¢,Uncategorized
2466,organization
449820,organization
6406914,organization
76609426,organization
allAfrica,Uncategorized
Ã‚Â£9,Uncategorized
41713,organization
900338,organization
665912557,organization
1341798,organization
23299,organization
5688339,organization
Ã‚Â£800,Uncategorized
99233,organization
203,organization
99661834,organization
9838,organization
848165,organization
612,organization
379284134,organization
55394387,organization
945632766,organization
112156579,organization
73921,organization
Khundu Ltd. Liability Co,company
327277616,organization
33118036,organization
88813246,organization
5383294,organization
9238420,organization
waterÃ¢,Uncategorized
73166320,organization
13249468,organization
77,organization
682313,organization
nationalfisherman,Uncategorized
intrafish,Uncategorized
choicesmagazine,Uncategorized
58877070,organization
usa,Uncategorized
oceana,Uncategorized
42990314,organization
1338687,organization
507684,organization
ams.usda,Uncategorized
1765605,organization
Ã¢Â€ÂœinitiallyÃ¢,Uncategorized
Ã¢Â€ÂœpoachedÃ¢,Uncategorized
34757443,organization
Ã¢Â€ÂœAccept AllÃ¢,Uncategorized
krxd,Uncategorized
1576352,organization
34285153,organization
95743666,organization
86117,organization
40974,organization
Diao yu bi sai Tidal BV Export,company
74505,organization
Ã¢Â€ÂœseamountÃ¢,Uncategorized
4657860,organization
3394552,organization
618,organization
806,organization
Launch LoversÃ¢,Uncategorized
6107715,organization
2610,organization
7575,organization
34731154,organization
3308429,organization
15758645,organization
204,organization
Ã¢Â€ÂœbossesÃ¢,Uncategorized
61,organization
908,organization
2278,organization
3731,organization
2422788,organization
MCDP,Uncategorized
268393514,organization
55242,organization
637,organization
9697,organization
620019,organization
45361487,organization
408603,organization
6204,organization
576618,organization
500633954,organization
62343,organization
688224,organization
Ã¢Â€ÂœSaikoÃ¢,Uncategorized
570683,organization
4532329,organization
98631,organization
2658,organization
5698,organization
3342,organization
354,organization
945,organization
Tamil Nadu Ltd. Liability Co Express,company
280094,organization
40676,organization
David Limited Liability Company,company
1998,organization
669,organization
903574229,organization
95064,organization
6567453,organization
47261702,organization
4086,organization
Kariba Dam  Corporation Nautical,company
822596165,organization
Pez Dorado BV Logistics,company
322202416,organization
969368807,organization
80276549,organization
89,organization
35282,organization
813,organization
62,organization
44326992,organization
93252,organization
4627,organization
1719,organization
8876768,organization
444,organization
6460,organization
64778548,organization
493641959,organization
8980454,organization
6659,organization
464454263,organization
Shipping Corp,Uncategorized
534,organization
4942,organization
884332,organization
982519647,organization
1354,organization
923825740,organization
5865,organization
Malawi Rift  Holdings Navigation,company
Baha de Coral OJSC Marine,company
Navigation Corp,Uncategorized
Triton Navigation Corp,Uncategorized
Pontus Navigation Corp,Uncategorized
401289940,organization
54726,organization
52193,organization
697844686,organization
1555,organization
3669166,organization
483398,organization
7125,organization
2357762,organization
858,organization
871,organization
76030,organization
9098,organization
1968776,organization
845,organization
2793,organization
Ã¢Â€ÂœlaughableÃ¢,Uncategorized
8325,organization
437212,organization
299,organization
2362,organization
9979944,organization
4396031,organization
519852438,organization
Ã¢Â€ÂœlegitimateÃ¢,Uncategorized
432526990,organization
463,organization
762,organization
82379,organization
7260903,organization
798,organization
1983793,organization
AttorneysÃ¢,Uncategorized
4332001,organization
402,organization
218148,organization
Estrella del Mar Inc Merchants,company
60017,organization
381051499,organization
110727,organization
su y Worldwide Shark,company
4205,organization
16306,organization
Ã¢Â€ÂœFrontlineÃ¢,Uncategorized
Ã¢Â€ÂÃ¢Â€Â¯The,Uncategorized
8350379,organization
59022,organization
32,organization
88295922,organization
8541598,organization
5362,organization
5276019,organization
FilkinsÃ¢,Uncategorized
4406,organization
43223,organization
765078,organization
172279392,organization
858773,organization
4852,organization
GoliathÃ¢,Uncategorized
estÃƒ,Uncategorized
maÃƒÂ±ana asÃƒ,Uncategorized
739622,organization
7675191,organization
4356,organization
233,organization
Dutch Herring Inc Transportation,company
8453714,organization
29167335,organization
5700,organization
93380783,organization
8503254,organization
914,organization
Refugee BenefitsÃ¢,Uncategorized
518323906,organization
Ã¢Â€ÂœPerlaÃ¢,Uncategorized
Ã¢Â€ÂœEmanuelÃ¢Â€ÂÃ¢Â€Â“if,Uncategorized
773,organization
wgbh,Uncategorized
93865,organization
brianbushard,Uncategorized
siladityaray,Uncategorized
Ã¢Â€Â˜PerlaÃ¢,Uncategorized
7674777,organization
8302,organization
45620,organization
Jammu & Kashmir ship,company
66820,organization
ÃÂ°Ã‘,Uncategorized
ÃÅ“ÃÂ° ÃÂ±ÃÅ¸Ã‘Â†Ã‘,Uncategorized
ÃÂ£ÃÂºÃ‘Â€ÃÂ°Ã‘Â—ÃÅ“ÃÅ¾,Uncategorized
Ã¢Â€ÂœCompromiseÃ¢,Uncategorized
Ã¢Â€Â˜PartnersÃ¢,Uncategorized
49525439,organization
82207154,organization
3657479,organization
Ã¢Â€ÂœoriginaldragoncoveÃ¢,Uncategorized
Ã¢Â€ÂœNinoÃ¢,Uncategorized
803490608,organization
Danish Lobster Limited Liability Company Brothers,company
Remarkable,Uncategorized
46319064,organization
PÃƒ,Uncategorized
82651,organization
Ã¢Â€ÂœcommissionÃ¢,Uncategorized
5007554,organization
72630,organization
9411155,organization
2912063,organization
Greek Sea Bream and Son's,company
Ã¢Â€ÂœundeniableÃ¢,Uncategorized
Ã¢Â€ÂœinconsistenciesÃ¢,Uncategorized
17353795,organization
540613204,organization
Ã¢Â€ÂœadjustingÃ¢,Uncategorized
352,organization
662290,organization
Ã¢Â€ÂœDesbloqueio pÃƒ,Uncategorized
Ã¢Â€ÂœKikoÃ¢,Uncategorized
309535101,organization
tio MPFÃ¢Â€Â™s Special Action Group Combat Organized Crime,Uncategorized
51354617,organization
109071721,organization
869882172,organization
ExportaÃƒ,Uncategorized
Ã¢Â€ÂœillegalÃ¢,Uncategorized
Gambia River  GmbH & Co. KG and,company
400,organization
2430986,organization
996592,organization
92533,organization
327572963,organization
HardwoodsÃ¢,Uncategorized
SeaSelect Foods Corp Dry dock,company
MeridaÃ¢Â€Â™Ã¢,Uncategorized
7914,organization
Ã¢Â€ÂœBanderaÃ¢,Uncategorized
Ã¢Â€ÂœPadre,Uncategorized
64545,organization
151159036,organization
3383,organization
MenardsÃ¢,Uncategorized
Pregolya Delivery Cruise ship,company
Ã‚Â£103,Uncategorized
Ã‚Â£10,Uncategorized
Ã¢Â€ÂœtigerÃ¢,Uncategorized
3328058,organization
176729,organization
958644,organization
Ã¢Â€ÂœminingÃ¢,Uncategorized
200,organization
75360,organization
PitÃ¢,Uncategorized
3868221,organization
79521144,organization
Ã¢Â€ÂœbrokerÃ¢,Uncategorized
198,organization
9768,organization
11353,organization
353257,organization
31368,organization
51470600,organization
719,organization
Sudd Swamp  Wave AS Freight ,company
74026296,organization
649,organization
96049794,organization
Ancla del Mar Kga,company
PlattsÃ¢,Uncategorized
455617,organization
83241316,organization
507470,organization
8127,organization
18668050,organization
39033859,organization
62532,organization
649009867,organization
43454,organization
Ã¢Â€ÂœDuare RationÃ¢,Uncategorized
4711730,organization
959344,organization
James Limited Liability Company Logistics,company
951187691,organization
18403617,organization
365,organization
7810241,organization
34487,organization
83951569,organization
24996,organization
90411963,organization
Ã¢Â€ÂœsatisfactoryÃ¢,Uncategorized
825,organization
69007292,organization
28890617,organization
492220197,organization
14636,organization
207618139,organization
3874,organization
91810266,organization
Playa del Cielo  Marine,company
99,organization
8832615,organization
5199,organization
Ã¢Â€ÂœoverwhelmedÃ¢,Uncategorized
419,organization
hi xng BV Carriers,company
435,organization
95850,organization
442,organization
753,organization
687878,organization
368951,organization
Ã¢Â€Â˜exemplaryÃ¢,Uncategorized
422,organization
753589537,organization
Spanish Co & Son's,company
Lake Nyasa Ltd. Corporation,company
3740,organization
440,organization
601882545,organization
88651,organization
353361057,organization
Amstel Inc,Uncategorized
Ã¢Â€ÂœHelpÃ¢,Uncategorized
35829746,organization
86034444,organization
Ã¢Â€Âœsleepy,Uncategorized
214883455,organization
Kagera River  GmbH & Co. KG Delivery,company
16,Uncategorized
313441257,organization
222079892,organization
2919,organization
9820523,organization
715490,organization
14952,organization
Ã¢Â€ÂœEQUIPMENTÃ¢,Uncategorized
353642,organization
6457,organization
6513816,organization
43797101,organization
535955126,organization
8211361,organization
Scania Seafaring SRL Express,company
Estrella del Sol LLC,company
777,organization
868626239,organization
7680453,organization
812137,organization
5334,organization
613556,organization
9507963,organization
979294,organization
5246016,organization
64863263,organization
076,Uncategorized
vansÃ¢,Uncategorized
36868,organization
3127062,organization
3369,organization
30880,organization
Ã¢Â€Â˜DisastrousÃ¢,Uncategorized
Lake Manyara  SRL Brothers,company
64667049,organization
8978,organization
Ã¢Â€Âœshark finÃ¢,Uncategorized
70720996,organization
95291001,organization
42627990,organization
Mar de Estrellas Oyj Carriers,company
2037/09,Uncategorized
2038650116,Uncategorized
sectors sectors 2033,Uncategorized
yearbook2034,Uncategorized
20370602035941,Uncategorized
yearbook2036,Uncategorized
2035/03,Uncategorized
faf.20363,Uncategorized
2030Ã¢,Uncategorized
FishEye International,organization
AquaFresh Foods CJSC -,company
Ã¢Â€Âœpair,Uncategorized
Guessl,Uncategorized
FinestSea Ltd. Corporation Enterprises,Uncategorized
Lake Mweru A/S Carriers,Uncategorized
Ancla del Mar Ltd. Corporation,Uncategorized
Fisherman'sFriend Charter Boat S.A. de C.V. Freight ,Uncategorized
FiTI,Uncategorized
Master,Uncategorized
Faurtil FÃƒÂ¡brica Urnas TietÃƒÂª,Uncategorized
Mar del Paraso SRL Shipping,Uncategorized
New Bedford Light,Uncategorized
Gulf of Guinea  Corporation,Uncategorized
Seabreeze Foods Corporation Logistics,Uncategorized
Ã¢Â€Â˜Do,Uncategorized
Meere Delpeuch,Uncategorized
Ht Shipping,Uncategorized
Selena Building,Uncategorized
Playa de la Felicidad NV,Uncategorized
Fishing International,Uncategorized
Ã¢Â€ÂœVirginia,Uncategorized
American,Uncategorized
Finest Ltd. Liability Co United,Uncategorized
Ex-Lax,Uncategorized
Fishisland,Uncategorized
Ã¢Â€ÂœGenev,Uncategorized
Oceanfront Oasis Inc Carriers,Uncategorized
Platts Oilgram,Uncategorized
America,Uncategorized
Surf and Sand Ltd. Liability Co,Uncategorized
West Bengal S.A. de C.V.,Uncategorized
Partnership satellite,Uncategorized
Fisheries Inc,Uncategorized
World Church Power God,Uncategorized
Estrella de Mar Limited Liability Company Delivery,Uncategorized
BergmanÃ¢Â€Â™s,Uncategorized
Conduct Joint,Uncategorized
Seabreeze Foods Ltd. Corporation United,Uncategorized
Kilimanjaro fishery Ltd. Liability Co Transport,Uncategorized
Isa,Uncategorized
Barco de Plata Ltd Logistics,Uncategorized
Lake Malawi LC Forwading,Uncategorized
Water World LLC Express,Uncategorized
Ã¢Â€ÂœTrials,Uncategorized
BPÃ¢Â€Â™s,Uncategorized
FLIP MCGYVER Tradema,Uncategorized
IPOS0000DOP,Uncategorized
TemuÃ¢Â€Â™s,Uncategorized
Firearms Explosives,Uncategorized
IAVMs,Uncategorized
Cartel Emergent Weaponry Use,Uncategorized
Andhra Pradesh  S.A. de C.V.,Uncategorized
AtlantoÃ¢Â€Â“Scandian,Uncategorized
TrammellÃ¢Â€Â™s,Uncategorized
Moo,Uncategorized
Eva,Uncategorized
Salles Operation Handroanthus,Uncategorized
Blue Water Ventures Ltd. Liability Co,Uncategorized
Mar de Cristalino Co,Uncategorized
SaltwaterSavor Shipyard LC Merchants,Uncategorized
Debit Cards Autopay,Uncategorized
Mar de la Costa Ges.m.b.H.,Uncategorized
Ã¢Â€Âœsuffered,Uncategorized
Orient,Uncategorized
OceanicHarvest Dry dock N.V. Delivery,Uncategorized
itÃ¢Â€Â™s,Uncategorized
RafaelÃ¢Â€Â™s,Uncategorized
Madhya Pradesh Market BV,Uncategorized
Blue Bay,Uncategorized
Lake Malawi SE Freight ,Uncategorized
Caspian Sea  Sea Corporation Freight ,Uncategorized
Thai Union Seafood,Uncategorized
Ocean Trawlers,Uncategorized
Sea Harvest,Uncategorized
Haryana s Co Transit,Uncategorized
Ã¢Â€Â¢,Uncategorized
Chuan gou Company Overseas,Uncategorized
Petroleum Vapor Intrusion,Uncategorized
Energotrade Plus,Uncategorized
Intrepid Navigators,Uncategorized
Scottish Trout Limited Liability Company Transit,Uncategorized
Gen International,Uncategorized
MeWe Vimeo,Uncategorized
Four,Uncategorized
II,Uncategorized
Bloomberg,Uncategorized
SVBÃ¢Â€Â™s,Uncategorized
Golden Titana,Uncategorized
Barco de Plata Plc,Uncategorized
Thomas Corp Cargo ship,Uncategorized
Blue Lagoon Sailor Limited Liability Company Worldwide,Uncategorized
Ã‚Â£1,Uncategorized
Stock SA,Uncategorized
Arctic,Uncategorized
Bay of Bengal's Incorporated,Uncategorized
Aqua Ambassadors Limited Liability Company,Uncategorized
Sea Luxe Oceanography Kga Transportation,Uncategorized
Fresh Atlantic,Uncategorized
SunÃ¢Â€Â™s,Uncategorized
OJSC Ltd. Liability Co,Uncategorized
Ã¢Â€ÂœPokÃƒÂ©mon,Uncategorized
Ryabikova,Uncategorized
I6aE01vDFm,Uncategorized
Puerta,Uncategorized
Seaside Sojourns A/S Shipping,Uncategorized
Food,Uncategorized
Guaranteed Income Program New Parents 2035,Uncategorized
Image ArtTower,Uncategorized
Nile Crocodile Deep-sea Oyj Brothers,Uncategorized
VyoummBnVY,Uncategorized
Blue Water Ventures Kga,Uncategorized
Bloomberg Law,Uncategorized
Ã¢Â€ÂœCinder,Uncategorized
Kariba Dam  N.V. Brothers,Uncategorized
Marine Foods,Uncategorized
Agua TransiciÃƒÂ³n EcolÃƒÂ³gica,Uncategorized
Arunachal Pradesh Sp Marine mist,Uncategorized
Nautical Navigators Kga United,Uncategorized
3 Ltd. Liability Co,Uncategorized
Lf Beauty,Uncategorized
Playa de Coral Oyj International,Uncategorized
Metro Marinen,Uncategorized
Surf and Sea International Tidepool,Uncategorized
The Salty Dog CJSC,Uncategorized
Paul S.A. de C.V.,Uncategorized
Comei&Co,Uncategorized
Rickard shrimp,Uncategorized
STL,Uncategorized
Farmers,Uncategorized
FiTIÃ¢Â€Â™s,Uncategorized
Jharkhand s GmbH & Co. KG,Uncategorized
6 Ray LLC Enterprises,Uncategorized
Prod,Uncategorized
PinduoduoÃ¢Â€Â™s,Uncategorized
AuraÃ¢Â€Â™s,Uncategorized
McGovern BBB,Uncategorized
Rose,Uncategorized
drayage companies,Uncategorized
Savaneta Corporation Marine life,Uncategorized
Michael Limited Liability Company,Uncategorized
Irtysh - Inc Distribution,Uncategorized
East,Uncategorized
Fresh On Time Seafood,Uncategorized
Single Seafood,Uncategorized
Ã¢Â€ÂœUS,Uncategorized
Ocean Packers,Uncategorized
Improvised Anti,Uncategorized
Orange River  AS Logistics,Uncategorized
Ste,Uncategorized
French Ltd. Corporation Surfboard,Uncategorized
Andhra Pradesh  Investment Dry dock,Uncategorized
Pb Brasil Industries,Uncategorized
Supreme GmbH & Co. KG Consulting,Uncategorized
gu y LC Shipping,Uncategorized
Estrella del Mar Pic,Uncategorized
ArtemovÃ¢Â€Â™s Ava Petroleum,Uncategorized
Spanish Red Snapper GmbH Shipping,Uncategorized
Officer Pleads Guilty,Uncategorized
Bribes Exchange Smuggling Contraband,Uncategorized
Sp,Uncategorized
One Hongn,Uncategorized
Evergreen,Uncategorized
Himachal Pradesh Aquatic Plc Brothers,Uncategorized
Lake Tanganyika Sea AS Shipping,Uncategorized
Estrella de la Costa  Consultants,Uncategorized
Kores De Venezuela C A,Uncategorized
Tombow,Uncategorized
Yale,Uncategorized
Faroe Islands Plc Investment,Uncategorized
East Ltd. Corporation Investment,Uncategorized
Logistics,Uncategorized
80 Percent Arms,Uncategorized
CM Nationali,Uncategorized
Anthony Sailboat Co Shipping,Uncategorized
MV,Uncategorized
Warner,Uncategorized
Alpha Brokersa,Uncategorized
NFTs,Uncategorized
Cargo Systemsi,Uncategorized
Ocano del Este Corp Freight ,Uncategorized
Ronald,Uncategorized
C Express,Uncategorized
Znamensk Eel LLC United,Uncategorized
Sisdof/Sinaflor,Uncategorized
Spanish Shrimp Sp Brothers,Uncategorized
Tajima Industrues Ltd,Uncategorized
ZerzaÃ¢Â€Â™s,Uncategorized
IndÃƒÂºstria Madeireira Uliana,Uncategorized
Sms,Uncategorized
Semas 260 Rural,Uncategorized
Dolphin Dreams S.A. de C.V. Seafood,Uncategorized
Cab Incorportated,Uncategorized
Sikkim S.A. de C.V.,Uncategorized
Yeezy,Uncategorized
Kagera River  Company Solutions,Uncategorized
Leo,Uncategorized
David S.A. de C.V. Brothers,Uncategorized
Haryana s Ltd. Corporation Carriers,Uncategorized
Coral Reef Sagl Transport,Uncategorized
OzonActionÃ¢Â€Â™s,Uncategorized
Ã¢Â€ÂœEntirely,Uncategorized
Malabar Sea Catch Sp,Uncategorized
